-- phpMyAdmin SQL Dump
-- version 4.0.10.14
-- http://www.phpmyadmin.net
--
-- Host: localhost:3306
-- Generation Time: Aug 05, 2016 at 05:47 PM
-- Server version: 5.5.50-cll
-- PHP Version: 5.4.31

SET SQL_MODE = "NO_AUTO_VALUE_ON_ZERO";
SET time_zone = "+00:00";


/*!40101 SET @OLD_CHARACTER_SET_CLIENT=@@CHARACTER_SET_CLIENT */;
/*!40101 SET @OLD_CHARACTER_SET_RESULTS=@@CHARACTER_SET_RESULTS */;
/*!40101 SET @OLD_COLLATION_CONNECTION=@@COLLATION_CONNECTION */;
/*!40101 SET NAMES utf8 */;

--
-- Database: `myhotchc_db`
--

-- --------------------------------------------------------

--
-- Table structure for table `activity`
--

CREATE TABLE IF NOT EXISTS `activity` (
  `activity_id` int(11) NOT NULL AUTO_INCREMENT,
  `person_id` int(11) NOT NULL,
  `category_id` int(11) NOT NULL,
  `address` varchar(350) NOT NULL,
  `picked_current` int(11) NOT NULL,
  `keywords` varchar(250) NOT NULL,
  `latitude` varchar(25) NOT NULL,
  `longitude` varchar(25) NOT NULL,
  `duration_type` varchar(15) NOT NULL,
  `duration` varchar(15) NOT NULL,
  `activity_name` varchar(150) NOT NULL,
  `activity_start_date_time` datetime NOT NULL,
  `activity_end_date_time` datetime NOT NULL,
  `type` varchar(100) NOT NULL,
  `interest` varchar(250) NOT NULL,
  `event` varchar(10) NOT NULL,
  `amount` varchar(20) NOT NULL,
  `short_description` varchar(350) NOT NULL,
  `pick_up` int(11) NOT NULL,
  `activity_images` varchar(250) NOT NULL,
  `activity_videos` varchar(250) NOT NULL,
  `po_id` int(11) NOT NULL,
  `cc_id` int(11) NOT NULL,
  `p_id` int(11) NOT NULL,
  `location` varchar(100) NOT NULL,
  `group_price` varchar(10) NOT NULL,
  PRIMARY KEY (`activity_id`)
) ENGINE=MyISAM  DEFAULT CHARSET=latin1 AUTO_INCREMENT=82 ;

--
-- Dumping data for table `activity`
--

INSERT INTO `activity` (`activity_id`, `person_id`, `category_id`, `address`, `picked_current`, `keywords`, `latitude`, `longitude`, `duration_type`, `duration`, `activity_name`, `activity_start_date_time`, `activity_end_date_time`, `type`, `interest`, `event`, `amount`, `short_description`, `pick_up`, `activity_images`, `activity_videos`, `po_id`, `cc_id`, `p_id`, `location`, `group_price`) VALUES
(73, 173, 3, 'manchester', 1, 'act', '12.8912204', '77.6412035', 'Hours', '1', 'Hello people', '2016-07-26 10:46:00', '2016-07-26 11:46:00', 'Individual', '', '', '100', 'Founded in Perth, Western Australia, by Sony Sindhe and Kasun Wijayamanna, to turn technology ideas into products and then into companies. BIZFAB have since opened up offices in Sri Lanka and now India...', 1, '[IMG_20160726104651_68.jpg,IMG_20160727131846_363.jpg,IMG_20160727131846_711.jpg]', '[VID_20160607053430_74.mp4,VID_20160719163109_54.3gp]', 0, 0, 0, 'Newyork', ''),
(75, 171, 3, 'bangalore', 0, 'arts', '41.6413355', '-91.5561246', 'Hours', '2', 'Arts', '2016-08-01 11:09:00', '2016-08-01 13:09:00', 'Individual', '', '', '100', 'Lorem Ipsum is simply dummy text of the printing and typesetting industry. Lorem Ipsum has been the industry''s standard dummy text ever since the 1500s, when an unknown printer took a galley of type and scrambled it to make a type specimen book. It has survived not only five centuries, but also the leap into electronic typesetting, remaining essent', 1, '[IMG_20160801110934_165.jpg]', '[VID_20160801110934_843.mp4]', 0, 0, 0, '', ''),
(76, 168, 3, 'newyork', 0, 'test', '45.5122005', '-122.6770026', 'Hours', '2', 'Tedt', '2016-08-01 11:16:00', '2016-08-01 13:16:00', 'Individual', '', '', '100', 'Test', 1, '[IMG_20160801111658_725.jpg]', '[VID_20160801111658_626.mp4]', 0, 0, 0, '', ''),
(78, 175, 2, 'newyork', 0, '', '', '', 'hours', 'gfdgfgfxd', 'hotch media ', '0000-00-00 00:00:00', '0000-00-00 00:00:00', 'individual', '', '', '5666', 'Event management is the application of project management to the creation and development of large scale events such as festivals, conferences, ceremonies, formal parties, concerts, or conventions.', 0, '', '', 0, 0, 0, '', ''),
(79, 175, 2, 'perth', 0, '', '', '', 'hours', '2', 'Rock Night', '0000-00-00 00:00:00', '0000-00-00 00:00:00', 'group', '', '', '3000', 'This Event is conducted on the coming saturday at Imperial Hote Hall,California', 0, '', '', 0, 0, 0, '', ''),
(80, 175, 7, 'perth', 1, 'sample', '6.890985', '79.859462', 'Hours', '5', 'sample activity', '2016-08-31 00:00:00', '2016-08-31 05:00:00', 'Individual', '', '', '6', 'sample desc', 1, '[]', '[]', 2, 0, 0, 'Australia', '0'),
(81, 0, 0, '', 0, '', '', '', '', '', '', '0000-00-00 00:00:00', '0000-00-00 00:00:00', '', '', '', '', '', 0, '', '', 0, 0, 0, '', '');

-- --------------------------------------------------------

--
-- Table structure for table `activity_category`
--

CREATE TABLE IF NOT EXISTS `activity_category` (
  `category_id` int(11) NOT NULL AUTO_INCREMENT,
  `name` varchar(150) NOT NULL,
  PRIMARY KEY (`category_id`)
) ENGINE=MyISAM  DEFAULT CHARSET=latin1 AUTO_INCREMENT=11 ;

--
-- Dumping data for table `activity_category`
--

INSERT INTO `activity_category` (`category_id`, `name`) VALUES
(1, 'Sports'),
(2, 'GYM'),
(3, 'Arts'),
(4, 'Culture'),
(5, 'Relaxation'),
(6, 'Children Activities'),
(7, 'Exploring'),
(8, 'Music'),
(9, 'Food');

-- --------------------------------------------------------

--
-- Table structure for table `address`
--

CREATE TABLE IF NOT EXISTS `address` (
  `address_id` int(11) NOT NULL AUTO_INCREMENT,
  `address_1` varchar(150) NOT NULL,
  `address_2` varchar(150) NOT NULL,
  `suburb` varchar(100) NOT NULL,
  `postcode` varchar(20) NOT NULL,
  `country_id` int(11) NOT NULL,
  `latitude` varchar(25) NOT NULL,
  `longitude` varchar(25) NOT NULL,
  PRIMARY KEY (`address_id`)
) ENGINE=MyISAM  DEFAULT CHARSET=latin1 AUTO_INCREMENT=23 ;

--
-- Dumping data for table `address`
--

INSERT INTO `address` (`address_id`, `address_1`, `address_2`, `suburb`, `postcode`, `country_id`, `latitude`, `longitude`) VALUES
(1, '', '', '', '', 0, '', ''),
(2, '', '', '', '', 0, '', ''),
(3, '', '', '', '', 0, '', ''),
(4, '', '', '', '', 0, '', ''),
(5, '', '', '', '', 0, '', ''),
(6, '', '', '', '', 0, '', ''),
(7, '', '', '', '', 0, '', ''),
(8, '', '', '', '', 0, '', ''),
(9, '', '', '', '', 0, '', ''),
(10, '', '', '', '', 0, '', ''),
(11, '', '', '', '', 0, '', ''),
(12, '', '', '', '', 0, '', ''),
(13, '', '', '', '', 0, '', ''),
(14, '', '', '', '', 0, '', ''),
(15, '', '', '', '', 0, '', ''),
(16, '', '', '', '', 0, '', ''),
(17, '', '', '', '', 0, '', ''),
(18, '', '', '', '', 0, '', ''),
(19, '', '', '', '', 0, '', ''),
(20, '', '', '', '', 0, '', ''),
(21, '', '', '', '', 0, '', ''),
(22, '', '', '', '', 0, '', '');

-- --------------------------------------------------------

--
-- Table structure for table `age_group`
--

CREATE TABLE IF NOT EXISTS `age_group` (
  `age_group_id` int(11) NOT NULL AUTO_INCREMENT,
  `age_group_value` varchar(15) NOT NULL,
  PRIMARY KEY (`age_group_id`)
) ENGINE=MyISAM  DEFAULT CHARSET=latin1 AUTO_INCREMENT=10 ;

--
-- Dumping data for table `age_group`
--

INSERT INTO `age_group` (`age_group_id`, `age_group_value`) VALUES
(1, 'less than 14'),
(2, '14-20'),
(3, '20-30'),
(4, '30-40'),
(5, '40-50'),
(6, '50-60'),
(7, '60-70'),
(8, '70-80'),
(9, 'above 80');

-- --------------------------------------------------------

--
-- Table structure for table `album`
--

CREATE TABLE IF NOT EXISTS `album` (
  `album_id` int(11) NOT NULL AUTO_INCREMENT,
  `name` varchar(50) NOT NULL,
  PRIMARY KEY (`album_id`)
) ENGINE=MyISAM  DEFAULT CHARSET=latin1 AUTO_INCREMENT=121 ;

--
-- Dumping data for table `album`
--

INSERT INTO `album` (`album_id`, `name`) VALUES
(10, 'test'),
(11, 'test1'),
(12, 'test'),
(13, 'test album'),
(14, 'test album'),
(15, 'test album'),
(16, 'test album'),
(17, 'tedt1'),
(18, 'test album'),
(19, 'test2 album'),
(20, 'test album'),
(21, 'test album'),
(22, 'test album'),
(23, 'test album'),
(24, ''),
(25, ''),
(26, ''),
(27, '11'),
(28, 'w'),
(29, 'test save'),
(30, ''),
(31, ''),
(32, 'save album'),
(33, ''),
(34, 'dd'),
(35, 'test save album'),
(36, 'save jom'),
(37, '123'),
(38, '111'),
(39, ''),
(40, 'q'),
(41, 'qqq'),
(42, 'aaa'),
(43, 'q@q'),
(44, 'aa'),
(45, 'my images'),
(46, 'sample'),
(47, 'test hotch'),
(48, 'save test'),
(49, 'album1'),
(50, 'album2'),
(51, 'first'),
(52, 'second'),
(53, 'third'),
(54, 'test save'),
(55, 'one'),
(56, 'test'),
(57, 'my'),
(58, 'texst'),
(59, 'fun'),
(60, 'test'),
(61, 'ffff'),
(62, 'tttt'),
(63, 'mine'),
(64, 'Mine'),
(65, 'save test'),
(66, 'zz'),
(67, 'rws'),
(68, 'alb'),
(69, 'albq'),
(70, 'alb1'),
(71, 'alb1'),
(72, 'alb2'),
(73, 'q'),
(74, 'alb3'),
(75, 'alb1'),
(76, 'alb2'),
(77, 'alb3'),
(78, 'alb4'),
(79, 'alb5'),
(80, 'alb6'),
(81, 'alb7'),
(82, 'alb7'),
(83, 'alb8'),
(84, 'alb9'),
(85, 'alb10'),
(86, 'alb1~'),
(87, 'alb11'),
(88, 'alb12'),
(89, 'alb13'),
(90, 'alb14'),
(91, 'alb15'),
(92, 'alb16'),
(93, 'alb17'),
(94, 'alb1'),
(95, 'alb1'),
(96, 'alb1'),
(97, 'alb2'),
(98, 'Ass'),
(99, 'alb'),
(100, 'alb 0'),
(101, 'alb2'),
(102, 'album 1'),
(103, 'alb2'),
(104, 'save test'),
(105, 'a'),
(106, 'testhotch01'),
(107, 'nature'),
(108, 'other'),
(109, 'aln'),
(110, 'raja'),
(111, 'nature'),
(112, 'qq'),
(113, 'first'),
(114, '30'),
(115, 'hotch'),
(116, 'hotch'),
(117, 'hotch1'),
(118, 'my'),
(119, 'my album'),
(120, 'Test');

-- --------------------------------------------------------

--
-- Table structure for table `bookings`
--

CREATE TABLE IF NOT EXISTS `bookings` (
  `booking_id` int(11) NOT NULL AUTO_INCREMENT,
  `person_id` int(11) NOT NULL,
  `cc_id` int(11) NOT NULL,
  `p_id` int(11) NOT NULL,
  `activity_id` int(11) NOT NULL,
  `booking_start_date` date NOT NULL,
  `booking_end_date` date NOT NULL,
  `booking_start_time` time NOT NULL,
  `booking_end_time` time NOT NULL,
  `status_id` int(11) NOT NULL,
  `amount_payable` int(11) NOT NULL,
  `amount_paid` int(11) NOT NULL,
  `no_of_participants` int(11) NOT NULL,
  `need_pick_up` int(11) NOT NULL,
  `verification` varchar(350) NOT NULL,
  PRIMARY KEY (`booking_id`)
) ENGINE=MyISAM  DEFAULT CHARSET=latin1 AUTO_INCREMENT=19 ;

--
-- Dumping data for table `bookings`
--

INSERT INTO `bookings` (`booking_id`, `person_id`, `cc_id`, `p_id`, `activity_id`, `booking_start_date`, `booking_end_date`, `booking_start_time`, `booking_end_time`, `status_id`, `amount_payable`, `amount_paid`, `no_of_participants`, `need_pick_up`, `verification`) VALUES
(7, 174, 0, 0, 44, '2016-07-19', '2016-07-19', '14:03:00', '14:03:00', 1, 8, 8, 0, 0, ''),
(8, 174, 0, 0, 44, '2016-07-19', '2016-07-19', '14:03:00', '14:03:00', 1, 4, 4, 0, 0, ''),
(9, 181, 0, 0, 44, '2016-07-19', '2016-07-19', '14:03:00', '14:03:00', 1, 8, 8, 0, 0, ''),
(10, 181, 0, 0, 48, '2016-07-16', '2016-07-16', '20:41:00', '20:41:00', 1, 10, 10, 0, 0, ''),
(11, 182, 0, 0, 51, '2016-07-15', '2016-07-15', '18:30:00', '18:30:00', 1, 20, 20, 0, 0, ''),
(12, 181, 0, 0, 51, '2016-07-15', '2016-07-15', '18:30:00', '18:30:00', 2, 20, 20, 0, 0, ''),
(13, 187, 0, 0, 47, '2016-07-27', '2016-07-27', '14:28:00', '14:28:00', 1, 49, 49, 0, 0, ''),
(14, 188, 0, 0, 42, '2016-07-20', '2016-07-20', '13:03:00', '13:03:00', 1, 8, 8, 0, 0, ''),
(15, 188, 0, 0, 53, '2016-07-26', '2016-07-26', '16:27:00', '16:27:00', 1, 5, 5, 0, 0, ''),
(16, 188, 0, 0, 42, '2016-07-20', '2016-07-20', '13:03:00', '13:03:00', 1, 4, 4, 0, 0, ''),
(17, 173, 0, 0, 76, '2016-07-19', '2016-07-19', '13:13:00', '13:13:00', 1, 7, 7, 0, 0, ''),
(18, 173, 0, 0, 78, '2016-07-27', '2016-07-27', '14:28:00', '14:28:00', 1, 7, 7, 0, 0, '');

-- --------------------------------------------------------

--
-- Table structure for table `business`
--

CREATE TABLE IF NOT EXISTS `business` (
  `business_id` int(11) NOT NULL AUTO_INCREMENT,
  `person_id` int(11) NOT NULL,
  `person_type_id` int(11) NOT NULL,
  `address_id` int(11) NOT NULL,
  `business_name` varchar(150) NOT NULL,
  `status_id` int(11) NOT NULL,
  PRIMARY KEY (`business_id`)
) ENGINE=MyISAM  DEFAULT CHARSET=latin1 AUTO_INCREMENT=9 ;

--
-- Dumping data for table `business`
--

INSERT INTO `business` (`business_id`, `person_id`, `person_type_id`, `address_id`, `business_name`, `status_id`) VALUES
(1, 129, 0, 2, '', 0),
(2, 130, 0, 6, '', 0),
(3, 132, 0, 10, '', 0),
(4, 4, 0, 14, '', 0),
(5, 5, 0, 16, '', 0),
(6, 6, 0, 18, '', 0),
(7, 7, 0, 20, '', 0),
(8, 8, 0, 22, '', 0);

-- --------------------------------------------------------

--
-- Table structure for table `concerns`
--

CREATE TABLE IF NOT EXISTS `concerns` (
  `c_id` int(11) NOT NULL AUTO_INCREMENT,
  `name` varchar(50) NOT NULL,
  UNIQUE KEY `c_id` (`c_id`)
) ENGINE=MyISAM  DEFAULT CHARSET=latin1 AUTO_INCREMENT=5 ;

--
-- Dumping data for table `concerns`
--

INSERT INTO `concerns` (`c_id`, `name`) VALUES
(1, 'Medical'),
(2, 'Transport'),
(3, 'Language barrier'),
(4, 'Theft');

-- --------------------------------------------------------

--
-- Table structure for table `country`
--

CREATE TABLE IF NOT EXISTS `country` (
  `country_id` int(11) NOT NULL AUTO_INCREMENT,
  `country_name` varchar(100) NOT NULL,
  PRIMARY KEY (`country_id`)
) ENGINE=MyISAM  DEFAULT CHARSET=latin1 AUTO_INCREMENT=197 ;

--
-- Dumping data for table `country`
--

INSERT INTO `country` (`country_id`, `country_name`) VALUES
(1, 'Afghanistan'),
(2, 'Albania'),
(3, 'Algeria'),
(4, 'Andorra'),
(5, 'Angola'),
(6, 'Antigua and Barbuda'),
(7, 'Argentina'),
(8, 'Armenia'),
(9, 'Australia'),
(10, 'Austria'),
(11, 'Azerbaijan'),
(12, 'Bahamas'),
(13, 'Bahrain'),
(14, 'Bangladesh'),
(15, 'Barbados'),
(16, 'Belarus'),
(17, 'Belgium'),
(18, 'Belize'),
(19, 'Benin'),
(20, 'Bhutan'),
(21, 'Bolivia'),
(22, 'Bosnia and Herzegovina'),
(23, 'Botswana'),
(24, 'Brazil'),
(25, 'Brunei'),
(26, 'Bulgaria'),
(27, 'Burkina Faso'),
(28, 'Burundi'),
(29, 'Cabo Verde'),
(30, 'Cambodia'),
(31, 'Cameroon'),
(32, 'Canada'),
(33, 'Central African Republic'),
(34, 'Chad'),
(35, 'Chile'),
(36, 'China'),
(37, 'Colombia'),
(38, 'Comoros'),
(39, 'Congo, Republic of the'),
(40, 'Congo, Democratic Republic of the'),
(41, 'Costa Rica'),
(42, 'Croatia'),
(43, 'Cuba'),
(44, 'Cyprus'),
(45, 'Czech Republic'),
(46, 'Denmark'),
(47, 'Djibouti'),
(48, 'Dominica'),
(49, 'Dominican Republic'),
(50, 'Ecuador'),
(51, 'Egypt'),
(52, 'El Salvador'),
(53, 'Equatorial Guinea'),
(54, 'Eritrea'),
(55, 'Estonia'),
(56, 'Ethiopia'),
(57, 'Fiji'),
(58, 'Finland'),
(59, 'France'),
(60, 'Gabon'),
(61, 'Gambia'),
(62, 'Georgia'),
(63, 'Germany'),
(64, 'Ghana'),
(65, 'Greece'),
(66, 'Grenada'),
(67, 'Guatemala'),
(68, 'Guinea'),
(69, 'Guinea-Bissau'),
(70, 'Guyana'),
(71, 'Haiti'),
(72, 'Honduras'),
(73, 'Hungary'),
(74, 'Iceland'),
(75, 'India'),
(76, 'Indonesia'),
(77, 'Iran'),
(78, 'Iraq'),
(79, 'Ireland'),
(80, 'Israel'),
(81, 'Italy'),
(82, 'Jamaica'),
(83, 'Japan'),
(84, 'Jordan'),
(85, 'Kazakhstan'),
(86, 'Kenya'),
(87, 'Kiribati'),
(88, 'Kosovo'),
(89, 'Kuwait'),
(90, 'Kyrgyzstan'),
(91, 'Laos'),
(92, 'Latvia'),
(93, 'Lebanon'),
(94, 'Lesotho'),
(95, 'Liberia'),
(96, 'Libya'),
(97, 'Liechtenstein'),
(98, 'Lithuania'),
(99, 'Luxembourg'),
(100, 'Macedonia'),
(101, 'Madagascar'),
(102, 'Malawi'),
(103, 'Malaysia'),
(104, 'Maldives'),
(105, 'Mali'),
(106, 'Malta'),
(107, 'Marshall Islands'),
(108, 'Mauritania'),
(109, 'Mauritius'),
(110, 'Mexico'),
(111, 'Micronesia'),
(112, 'Moldova'),
(113, 'Monaco'),
(114, 'Mongolia'),
(115, 'Montenegro'),
(116, 'Morocco'),
(117, 'Mozambique'),
(118, 'Myanmar (Burma)'),
(119, 'Namibia'),
(120, 'Nauru'),
(121, 'Nepal'),
(122, 'Netherlands'),
(123, 'New Zealand'),
(124, 'Nicaragua'),
(125, 'Niger'),
(126, 'Nigeria'),
(127, 'North Korea'),
(128, 'Norway'),
(129, 'Oman'),
(130, 'Pakistan'),
(131, 'Palau'),
(132, 'Palestine'),
(133, 'Panama'),
(134, 'Papua New Guinea'),
(135, 'Paraguay'),
(136, 'Peru'),
(137, 'Philippines'),
(138, 'Poland'),
(139, 'Portugal'),
(140, 'Qatar'),
(141, 'Romania'),
(142, 'Russia'),
(143, 'Rwanda'),
(144, 'St. Kitts and Nevis'),
(145, 'St. Lucia'),
(146, 'St. Vincent and The Grenadines'),
(147, 'Samoa'),
(148, 'San Marino'),
(149, 'Sao Tome and Principe'),
(150, 'Saudi Arabia'),
(151, 'Senegal'),
(152, 'Serbia'),
(153, 'Seychelles'),
(154, 'Sierra Leone'),
(155, 'Singapore'),
(156, 'Slovakia'),
(157, 'Slovenia'),
(158, 'Solomon Islands'),
(159, 'Somalia'),
(160, 'South Africa'),
(161, 'South Korea'),
(162, 'South Sudan'),
(163, 'Spain'),
(164, 'Sri Lanka'),
(165, 'Sudan'),
(166, 'Suriname'),
(167, 'Swaziland'),
(168, 'Sweden'),
(169, 'Switzerland'),
(170, 'Syria'),
(171, 'Taiwan'),
(172, 'Tajikistan'),
(173, 'Tanzania'),
(174, 'Thailand'),
(175, 'Timor-Leste'),
(176, 'Togo'),
(177, 'Tonga'),
(178, 'Trinidad and Tobago'),
(179, 'Tunisia'),
(180, 'Turkey'),
(181, 'Turkmenistan'),
(182, 'Tuvalu'),
(183, 'Uganda'),
(184, 'Ukraine'),
(185, 'United Arab Emirates'),
(186, 'United Kingdom (UK)'),
(187, 'United States of America (USA)'),
(188, 'Uruguay'),
(189, 'Uzbekistan'),
(190, 'Vanuatu'),
(191, 'Vatican City (Holy See)'),
(192, 'Venezuela'),
(193, 'Vietnam'),
(194, 'Yemen'),
(195, 'Zambia'),
(196, 'Zimbabwe');

-- --------------------------------------------------------

--
-- Table structure for table `credit_card`
--

CREATE TABLE IF NOT EXISTS `credit_card` (
  `cc_id` int(11) NOT NULL AUTO_INCREMENT,
  `card_no` int(11) NOT NULL,
  `ex_month` int(11) NOT NULL,
  `ex_year` int(11) NOT NULL,
  `cvv` int(11) NOT NULL,
  PRIMARY KEY (`cc_id`)
) ENGINE=MyISAM  DEFAULT CHARSET=latin1 AUTO_INCREMENT=2 ;

--
-- Dumping data for table `credit_card`
--

INSERT INTO `credit_card` (`cc_id`, `card_no`, `ex_month`, `ex_year`, `cvv`) VALUES
(1, 0, 0, 0, 0);

-- --------------------------------------------------------

--
-- Table structure for table `currency`
--

CREATE TABLE IF NOT EXISTS `currency` (
  `currency_id` int(11) NOT NULL AUTO_INCREMENT,
  `currency_name` varchar(25) NOT NULL,
  `currency_code` varchar(10) NOT NULL,
  `country_id` int(11) NOT NULL,
  PRIMARY KEY (`currency_id`)
) ENGINE=MyISAM  DEFAULT CHARSET=latin1 AUTO_INCREMENT=11 ;

--
-- Dumping data for table `currency`
--

INSERT INTO `currency` (`currency_id`, `currency_name`, `currency_code`, `country_id`) VALUES
(1, 'Afghani', 'AFN', 981),
(2, 'Lek', 'ALL', 982),
(3, 'Algerian Dinar', 'DZD', 983),
(4, 'Euro', 'EUR', 984),
(5, 'Kwanza', 'AOA', 985),
(6, 'East Caribbean Dollar', 'XCD', 986),
(7, 'Argentine Peso', 'ARS', 987),
(8, 'Armenian Dram', 'AMD', 988),
(9, 'Australian Dollar', 'AUD', 989),
(10, 'United States Dollar', 'USD', 1166);

-- --------------------------------------------------------

--
-- Table structure for table `friend_list`
--

CREATE TABLE IF NOT EXISTS `friend_list` (
  `f_id` int(11) NOT NULL AUTO_INCREMENT,
  `person_id` int(11) NOT NULL,
  `friend_id` int(11) NOT NULL,
  `friend_status` varchar(25) NOT NULL,
  PRIMARY KEY (`f_id`)
) ENGINE=MyISAM  DEFAULT CHARSET=latin1 AUTO_INCREMENT=578 ;

--
-- Dumping data for table `friend_list`
--

INSERT INTO `friend_list` (`f_id`, `person_id`, `friend_id`, `friend_status`) VALUES
(574, 175, 184, 'pending'),
(573, 175, 211, 'pending'),
(572, 175, 186, 'pending'),
(571, 175, 186, 'pending'),
(570, 175, 186, 'pending'),
(569, 175, 186, 'pending'),
(568, 175, 186, 'pending'),
(561, 175, 187, 'pending'),
(563, 175, 187, 'pending'),
(564, 175, 171, 'pending'),
(565, 175, 174, 'pending'),
(566, 175, 187, 'pending'),
(567, 175, 186, 'pending'),
(577, 175, 182, 'pending'),
(576, 175, 183, 'pending'),
(575, 175, 204, 'pending'),
(562, 175, 188, 'pending'),
(559, 175, 178, 'pending');

-- --------------------------------------------------------

--
-- Table structure for table `images`
--

CREATE TABLE IF NOT EXISTS `images` (
  `id` int(11) NOT NULL AUTO_INCREMENT,
  `image` blob NOT NULL,
  PRIMARY KEY (`id`)
) ENGINE=MyISAM  DEFAULT CHARSET=latin1 AUTO_INCREMENT=3 ;

--
-- Dumping data for table `images`
--

INSERT INTO `images` (`id`, `image`) VALUES
(1, 0x2f396a2f34414151536b5a4a5267414241514141415141424141442f3277424441414542415145424151454241514542415145424151454241514542415145424151454241514542415145420a415145424151454241514542415145424151454241514542415145424151454241514542415145424151482f32774244415145424151454241514542415145424151454241514542415145420a41514542415145424151454241514542415145424151454241514542415145424151454241514542415145424151454241514542415145424151482f7741415243414a4d416c7744415349410a41684542417845422f38514148774141415155424151454241514541414141414141414141414543417751464267634943516f4c2f38514174524141416745444177494541775546424151410a414146394151494441415152425249684d5545474531466842794a7846444b426b61454949304b78775256533066416b4d324a7967676b4b4668635947526f6c4a69636f4b536f304e5459330a4f446b3651305246526b644953557054564656575631685a576d4e6b5a575a6e61476c7163335231646e643465587144684957476834694a69704b546c4a57576c35695a6d714b6a704b576d0a7036697071724b7a744c57327437693575734c44784d584778386a4a79744c54314e585731396a5a32754869342b546c3575666f3665727838765030396662332b506e362f385141487745410a417745424151454241514542415141414141414141414543417751464267634943516f4c2f385141745245414167454342415144424163464241514141514a334141454341784545425345780a42684a425551646863524d694d6f454946454b526f62484243534d7a55764156596e4c524368596b4e4f456c3852635947526f6d4a7967704b6a55324e7a67354f6b4e4552555a4853456c4b0a55315256566c64595756706a5a47566d5a326870616e4e3064585a3365486c36676f4f456859614869496d4b6b704f556c5a61586d4a6d616f714f6b7061616e714b6d7173724f30746261330a754c6d367773504578636248794d6e4b3074505531646258324e6e613475506b3565626e364f6e7138765030396662332b506e362f396f4144414d4241414952417845415077442b2f6969690a6967416f6f6f6f414b4b4b4b414369696967416f6f6f6f414b4b4b4b414369696967416f6f6f6f414b4b4b4b414369696967416f6f6f6f414b4b72302f656662386a2f385651424c5258422b0a4b766942344d3843326b4e3534783858614a3465686e43693358567457734c4f383146774750325054724670664d314f2b4a79504c3070586b33594955716e5041443473654b504542654c340a642f4358786c72305a38745631377870626e3462654577434847386a784c4766466d6f44656d34485350425571357943344932304165366a39336e70304872307933366e622b6f366e4e51740a504646754c7959534847546a754334375a7a6a6a3853546e6a6e772f2f6847506a74346b426b3851664537512f682f617a4c6e2b772f687a3453302f564e573030356b49423861654f5472750a6d61706e48475041756b484754314a4264462b7a37384d72742f4f38573656716e78496e4a416e62346d2b4a6645586a577a754c6b6869306965472f4565717a2b464e4e59595841306a52490a31497a7a6e6357414e4455766a333848394f765a644f6938643656346b316146635034633844523668342f3853484737482f464e65426f39653163357a33306b48706a4f446e4c50786138560a616d6a522b4666676438553954656264396e3148784a622b442f4157694a772b7a2b303138532b4c342f46717839537830667758724d6f79452f734e743234657961626f326b614e617832570a6b61585936625a774b42445a32466c5932747662344c6368493055416e6e6c656345416a4f43645859665566722f68514234534a2f774270505530496a306a344f2b44764e786d356e317a340a67664546726642626e2b7a426f6e7770484a354958577763354367416b306f2b4833786a31544d6d752f487136302b5563665a2f682f38414458776634667338416e6f50484a2b4b3271392f0a2b6733365a4f526976637173554165452f7744436a344c73482f684a2f6976386166452f706a346b366e344c4847662b695a72344734782f515a774b526632637668424a6b616c34663158580a7073663633785634362b49506975353675636876452f69375779546a48553435584934796662364b415045552f5a6d2f5a3364574e333844766866666e6a4839712b4366442b7164333578710a576b7964756576726b67347256302f3442664172537752707677542b464e6a6e76592f446277646164432f50476a6339636a366a766d7657614b414f4e6a2b4766773569552b5834423847520a64503841552b452f44707a79332f554a7a31586a673973384b43617478384b50685a64786d4f2b2b476e674f3642786a7a2f42666836354842592f78615433487237636b6b4775386f6f41380a617576326276326562397a4a652f4166344f585575422b396d2b462f67776e7133584f6a5a5072393775636b6e4a4e5566733166414f4654396d2b4576672f545436364e6f363653657048540a54424750667477652f4e65356366384150512f6b332b4e4d6f41384f6a2f5a382b473855624e7073767843384f6e7274384f664766347836425a67376d48476d365838516b307739516555330a41394f72556f2b4550694b79424f6866486a347761584474426773622b392b4833696d7a67595a492f7743526f2b4847753674714147446b53613244387779784972334f507133302f77445a0a716c6f41384858776e3866644842476a6646727766346a6752526d447833384c6e6257626e6875502b456a3844654d5042476b3247523348677038746e47574a496a5878482b3044704b2b620a725077753843654a37474a554e775042507849314331385258475135787076682f7741622b447444305a694d454536743436306c6338626a6e4c652b564350336d65683448723042623638380a2f6878334279416545782f4843773031632b4c6668703859504234436a375450652f4433552f464e6c62506b6b6d2b31443461532b4f744c574e69426a556d6d38726156557541724f33592b0a462f6976384d50477335746643586a2f414d4a654962774c7a59615872316864617467627373644e5755366b42774d6b726b5a2b386331364e73507150312f77726a50465877383842654f4c0a59322f6a487756345938565135456f743964304c546456476374795037516a62755231326a737779466f41374c7a4976542f783270492f752f77436637306c654244344832656a6f472b48330a78422b4a66674b36326f44445a2b4c4c37785a34666b58444b624d2b472f6955766a5852744d44736f59766f4d656a612b5351423469436b6b535244396f66777675586634452b4c4f6e342f0a35616e5550686e3474745275593951336a667774346e5a6c4765502b454e414a62424f306c67443375697642452b4f586833537045682b4a4f68654c76684a496f7a4e652b4f6448556545730a7372416276694a34633158586641555143375352712b7649344f51796b3137427057713656724e6d756f6150716c6871746a4e784666365a663256355a584a2b6242533930396e58314f51650a755279643141473352544e34392f79482f7741565436414369696967416f6f6f6f414b4b4b4b414369696967416f6f6f6f414b4b4b4b414369696967416f6f6f6f414b4b4b4b4143696969670a416f6f6f6f414b4b4b4b414369696967416f6f6f6f414b4b4b4b414369696967416f6f6f6f414b4b4b4b414369696967416f6f6f6f414b4b4b4b4143696d2f776638427242317a78426f58680a6e534c2f4146337842712b6e61526f2b6e7769612b31545537356253797456793257652b6b4b685678776572343267416e6967446f4b7a37693674374b435734755a497257326768453039780a504f4c61326758352f764d63415a7753632f544f346a5068342b492f6a66786d57692b452f684a3230796431432f454c34697071476765464a725a354756622f414d4e2b476f3162785834700a6a514d70557a4c345138506132673833773934726451376953332b44656e61314a4871337856313356506972716b55776e6873664555433276772b307536456a7275385066447578413067470a484c4e6f657261352f626e69534d6b6a2f684a4763707541442f6864326c2b49462b792f4333773134672b4b3134524344716d67327638415a586757324a4471623576694c346a4f6a2b46740a556a33757a4d6e673258587466514d475068377931596c712b446669743475792f6a72346770344e3032646746384a2f436c587472766e502b68617038522f45535071326f6a4932372f42320a686544446e2b4c414a507536515278703563556363594f4f4150516e746a36643844727953634a5142357a34562b4533773938475863327036423459736f39646d42572b3857616f7a6549500a4732704b666d423154786e346c6b3176785671784f7a4374724774537370484444646976547169336e322f492f77447856636434333864654366687634593162786c385176463368377752340a55304741543633346b385761335965482f44326d576e37334c582b70366e4c4870736647516430696e6b4b477a31414f793876332f542f3639486c2b2f77436e2f774265766b6234482f74330a66735766744d2b493956384666732f6674512f42543475654c644974376d343148773134412b4a5868767846346a74724f7963373739744b3072574a39534f6e71784a4d67545a676b6279680a5a712b4d2f77446773782f77552f74502b435766374a736e78553050514e4c3858664748782f346d2f774346662f42727770726831482f68484c6e784b316850717570612f77434a2f77437a0a4e75722f4150434e364a70646777622b78325979654964533050772b54766c4e42504a48742b4c2f414d7a39696172312f436a7050674c2f41494f7a2f696c384b4c4c39746253666a362b6a0a52366e6f712b502f4141392b7a76623670344f304478647166687a423154544e5073506851504278384b4136357057475852746431332f6849766d555a79564a2f632f2f41494968663846620a37763841344b59664276783134622b4d4767324867663841616c2b4145396a6f337866384b6156444a70656b2b4a7250555a64513037546648336876544e526b2f745853316255394d314c520a6645326a4d434e413138527134614c57504479486e3975763558392f7035663170356c4830642b33782f7757462f59562f77434363462f702f6866396f50346e36684e3853745a7332316e530a7668543443384f332f6976787932696d5a38366e716b5379783650345930356f3478354465496461306839594f7a2f68486b6d6b44714d2f3967502f41494c4c2f734d6638464a4e553166770a64384150483275615838545044396d6d73366c384c76694e3466627776347675744479552f7433773849376a57744a385461537a4d7245365072456d725271736a54517045706b722b62442f0a414949662f73382f43582f6770352f7755652f344b592f746866746c2b4339432b4e4f76654250694e5932336754774e342b73683467384a3649664750692f347136667033322f77317153790a6158713765422f433367697738482b4731316858625165666c4b487736562f6643302f3449536673616545762b43685077352f62362b445a38562f4158587668335932756f772f4354344e4c0a346538462f4462784834797a712b6e337575616e70306569794e70656d36396f2b706632523469384761474e4938503638417279716a546133484a6b75627062356376643761767957766e750a797638415a2f373333512f4b2f7743462f6d572f486638417756743172774a2f7757522b48482f424c485566676e70634f682b4f2f43566c347073666a4c63654e6238617263747148772f380a56654a724378303377582f596f487a617034633144526d593677654f51755258325a2f7755732f61697650324b50324550326d50326d74476577587848384e506833665850673061724331310a70582f4366612f71656d2b47664248322f5431646637525276452b7661597a49506c5a53306271517a452f7a5866384142575a662b46512f38484c582f424a54346f7069337466694966676a0a3450754c3168674737314c3479654c506876714b6e312f346c58694c546732636a474f4d446e33332f67374f2b4e747834652f59332f5a2f2f5a693072554937545750326c2f6a74595454320a2f6e454c632b476668576450315055503751556e6a54502b456d385465445178414f546b6346546a58322b2f7537622b393076622b582b752f556b332f774467336d2f344c4e66472f7744340a4b492b4c506a353845663273395a384b585878653849324f6866456a34627a2b4850436c68344e7464552b48392f384138537678485966326459544d757153364c71656f2b483957615a397a0a6d50784530652f2f41496c4a6173542f41494b6a2f43372f41494f4664462b4f5837555078362f5a4c2f6169384966447a396b4877643455486a6a7770345458784a344f745045576d6547500a42767774302f556647663841784c64542b47757436742f61582f4354365834673164536462436b616741446a46666c482b3258715077592f344a442f415042544c2f676d642b31392b7a72380a5376687834743841576677592b464877552f614a384e2f4466786e6f486975364b2f4433776a7033776c2b496d6f616a7033687657452f354476674455504465732b48763761796f385365480a323853416e357a58397358375746377048692f39696239706e554e42764c5856644938512f73326646712b306e554c476237566158396c71507775385474703137707a4269443567324f6f780a6e62737953344a6f772f322f2b33502f41484a352b53743875327574564c6d30303931616266616b6c7039392f56586265702f452f774438452b74542f7743446b482f677048384a5a766a330a38452f322f6f4e4f2b482b6a2f454739384561724234783856654876443271334e2f6f466e706570616b663750307a3462613842707a3664712b6e3845686e6432786b6c7a58363066746e2f0a414c5a7637594877752f344c392f3841424f44396b48776e3864664647672f4237346a2f41417a2b44326f2f467a3463615550442f7744776a76697a574e51385366476a545045576f3667640a53306b36755037624868335465564f64746763426346616d2f774344526d342b30663841424e763471572f2f4144352f744e2b4d6c372f394366344362766a73767563456e4f54587a6638410a7438663854482f67374b2f344a773251502f4870384b666870795165663750314c396f2f55683350582b6f344a4f617957735572323939612f77446765752f39332f795a36364f39616532650a3172647450686c302b583537335030482f7743433366384177574838642f7346332f77742f5a592f5a4f3848573378492f62492b4f3064727150684853622f533953385257586772773171500a6948565044766833556a34637345522f452f69667870724f6c366e6f2f686651777a776c6244567076456d45467646662f6b4e38512f3274502b4470622f676e743451736632745032702f440a586848346c66424331766447314c346e2b444c79792b4232765776684c52622f41464231617838524834597376693377466759582b3239446257664433683875762f435573474b35394c384b0a572b6e6647622f67384b3861786550596f62714c344d654462716634665158782b30665a727677392b7a643459314c546a706877636264543861616a725847306a4a47515378722b715439760a6579384d61682b776e2b3258592b4d30744434596d2f5a672b50712b496865526b3276396b663841437250467a616876486f555574314a4a4b6b626a6c684b31752b332b625866532f5470710a6c6f6f746d4234523847502b436a5877342f61462f774343614776663846432f686c62795361506f3377512b4a76784d315477667245342b322b472f476e77753850654b4c37784e344231570a534d714e326a2b4a2f44386d6b783673423565742b486e306a784b69716d71784b506b442f6769442f7741466e626e2f41494b752b46666a58702f6a6e34622b46766854385676672f7148680a6934752f44586854584c2f567449317a7756346b73534e50385136634e56662b30317871316a714f6c75546b626637492b566e5a732f67442f7741457666486d752b41762b4459622f67714c0a727435635378614f5046587859384c2b477963354637347938482f44447733714f4f652f2f435261666e366a6b6a4e66436e2f424a48562f47332f424c543975442f676d352b304a343231530a53322b42582f42517234563376682f5864567550394573744f73764550784338542b43663750314c4a36654366452f68333466654d736335384f366a31474d6e66322f397a2f79622f7743310a4e76595437782f386d2f79312f72552f754b384a2f774442557634592b4c2f2b436f7678422f344a656162384d50484c2f456634656541452b494f722f456f582f68332f4149515662442f680a4550436e6952395057784771747179616b423478302f5463474c615a69474c4b7553503156722b506e2f676c7a6e34746638484e582f4258723476796b58567434443845654c2f68725a7a6a0a7062336d6e2f4554344d2b434e5041424a2b2f70587736314564757167386b45663241377a37666b662f697165482b476671762f41472f2f414f52587953317372504535363338532b48376e0a557452304f32316e537074583078624536687045477157556d7261634c3763746b622f5474336d57472f3841355a354757474468386731304f382b3335482f34717638414f3154396b5834730a66384671502b4333662f42532b2f384168522b3056722f7744692b434f7436766f75682f4644513766784264452f3841437650454f6d2f435077376f4f4e4b316a5139552f7376572f7744680a487451316f376462482f49504b6863674376334c2f774343657638417754322f344c6a2f414c4a48375733777a6a2b50483766316a2b30462b783570332f435354654d39427550472f694c780a5a3469314b7a627762716d6d65484e4f4f6d66457a77614e55384e4b504644616672444877527232775a6c426b47317a5339762f4148502f4143622f414f31412f71412f642f35335566752f0a3837712f436a2f676f5a2f77582b2f59532f344a302b50726e344e654e4a764850786a2b4d476d2f5970664566772b2b44396a3466315676424b5834653873502b4531385265496466304c520a7448314b5a4952496d6a516e56664541336776416b794f44315038417754772f344c752f73486638464776467166432f34616133347a2b475078696b73626d2f73506856385974487366442f0a41496b385332756e794e2f616a2b444e5230725774663058784e2f5a4c536676744b54565976454b495a4766773645425a577179665239507a612f39746638416d337670374774612f4c70610a393764502f417a3971336a52775933487959344849357963382f3841312f54727a586a6d6f6641663464334e355072486832783148346465495a747233506954345a33372b43377a556d59750a522f776b476e6161473062785a6a48336647576a61797148495563445073564f6a6b6a3577667839526c752f314851653355686d4f356d654474622f41427a38473878586668373478364c460a672b52656850415078457431772f5855744f5754776a346f3146787a786f6e67785475555a4c4b6432786f50787138453332715776686e784164552b482f692b386c573174764376784273440a6f46376333674a4832487739716a4f2f6866786177474f66427575617a334c456e3571396a32443150366634566736376f6d692b4a744a75744638516150702b76365065786d472f307256640a50734c3353376c4354786657476f715136354f344a79656432506d46414735484a766a4c6a486f4f767278312f503841544f65616c7277442f68563369547764766d2b45666a4b36304331690a47463844654d527150697634654835796a44545132714c3470384c5a6261496c305858573850614f75575877777971574b782f47542f68465a47732f6a483465752f68744c755745654b70390a51545666686471424a635a3033786d416830745141577a343330587767782b62676b444942373952564332753765366769756261654b35696d67453045384d6f2b7a54676c6743724269764f0a426e7277777a7970465836414369696967416f6f6f6f414b4b4b4b414369696967416f6f6f6f414b4b4b4b414369696967416f6f6f6f414b4b4b4b414369696967416f6f6f6f414b4b4b4b410a4369696967416f6f6f6f414b4b4b4b414369696967416f6f6f6f414b4b4b696271666f502f51704b414a617a377138746243326e764c7534687437533368453039786354665a726133746c4c0a35597353514467594763484a4133416e61336d666966346d57576d61732f6844777670463534343864694d33502f434c614a634e6257656d5775415271586a4c7848495830727774705a33450a786a56693276613241792b47504465734f72494d4f312b463271654b626d4c56766939715674347175595a6a633258676d772b3266384b76304d74497752704e4d3141372f4857713661355a0a313176786a4779412b592f687a77316f544c7449417a2f6859336958787535747668426f4358656d54425648784e38565261685a2b42414d795a762f4141357077323676385146444f5756640a494f6a2b47745a55675166456443474a76614a384a4e4868314b447854343131585650694834763032587a644e313778554c4a725451332f4148762f41434c66686a5378483458384e42536f0a4b6176446f2f3841776b3069376c3853654a4e594b7178396f6a6a38754d78676a325050593864542b482f31366c6f41674565774842376a6e6e4a3562487350752f79366e4f5a364b2f4b620a2f676f392f77414664663253762b43583066773274763267333866616c346c2b4b6776626a776c345238452b456d315739755044656e616e596164346a3851366e7157717a364a6f326d36640a6f6a616a5a732b6d4a7254654970673673756753527172734166716a58356766384642662b4373333746332f414154553076546c2f614a3861617264654f5045646b756f654666684c3443300a2b78385166452f583749765070736d754c703075753648706e6833534156596a5764643166527266797254566673386a474a3866623377572b4d6677302f61462b463367333479664276786e0a6f2f6a723466654f7448303778443455385436486452336c6c71466a4b7a4b334b776b324f6f4b64326d367a706a346d30695950424b456b567766346376384167714e346b2b477637466e2f0a4141634b792f74546638464266326639642f61472f5a6f38592f4476777671487769307074487350455068793375394f384236643462736870766876784a496e6854784f336772784e706d700a447844345031746a746255394538564657436548493235484a326476763137747272327433756d377457753670552b613654736c713239657330744c722b58377262744e762b68622f676e6e0a2f774148416e3744662f42526e347153664176774e4234392b45587864766f64517576422f6844347436646f466e61655037537743366a66326e67727848345a312f58644b316256553064460a314f585277367947494d595a64565a41746669542f7741484650694b792b4c332f42557639686a396b5839717a3430363938427632473958384b36523476384146666975783332756a2f32330a346738522b4c644b3853612f663777756b2f326744706c68344f6a3176575531694c77496d6f7234716a51526e7845446861622f414d4673662b44666a2f68727677622b31516e374133784b0a384e2f4666777259614e6f2b692f452f532f416e674853394b384e7459366d5459654d452b486e686a78782f5a656f2b4a7446476f7346385966324b2f694f50773855773552456a503772660a3846427642582f42494c2f6770482b773134422f61572f61702b4b336843782f5a386a6875745a2b456637522b6d654932384a2b4c66447431666e5655316251764463756f614f2b71616e710a2b74723465767449312f345936396f57734f2f69485447542f684768346f30597a436c2f744e2b69696c3362626266706f7558385871306b564739427652577375396d6c4b643761373652370a394e37752f77434d476a2f384571502b434f75672f74512f737666474c2f676e6e2f77562f7744676a384166457677323853576572363370592f61542b4433785838622b4f4e5a734e5330330a2f68472f2b454a302f552f69506f4a30722b32774e513066784a6f374a7248683358644131494b6e68747a6c6a33762f414164382b4774556c2b452f37417678666a747a72506776777238560a7669446f3276427358576b334637346730507754346b384f726763593172545042506946526737534642444e3938384834352f344e66662b4365336948396d48784c2b3062384466323176690a664434576c2b466d736646447744342f385358486748562f6835506f326e2b48726a784a707570654a4e6e682f524e54476a7545542b3358655250455769463352676c784530626e2f424a440a345a654b762b4379662f424372396f5039696e34352b4b64517574652b437678575877372b7a39385664632b3361726565457233547441384d654e7642646b537a416172705767366a7150690a50776777775750773638512f384979716b716179312b4854646136374a7638414437587a623733746332754a756e615776706472665457327531746e6539306632632f447a786c34612b4a500a773938442f45487762643232706546664776685877353470384f337342445731786f4f76365a5a366a706369674d3344616466526b4b53547a682b5647663430503265644f732f32552f38410a67376f2b4f3377702b485558396e2b43506a37345638546168346c304f7a49577a74727a782f3841732f3841686e342f616935303444414238656158667572446c5631456e47526d766e2f390a6e482f676f642f7758422f344a496542662b47467669662f414d452f50476637513976384f7a642b482f676e34734868583470362f5a61666f792b634e4d302f773934793844615272656b650a50664379354c2b484e4649306278466f4f6746504466336f77612f516e2f6769582f7754782f6258385a66747466462f2f6772312f774146472f446c3534482b4c2f7846734e5930333459660a44725774505854504556696645646766444e2f3469315077795358384336586f6e6758546d38472b47744631674e346850682f5542356a7047725361675862305466525875393956387667760a313366573550735a576276477936336576545454762f7737577038626638453750693334512f34492b66384142646639764c396c76396f7a7844702f77772b4566375576695056395a2b46330a6a76786337365234525731486a50785634322b43326f61727232706d4c544e4b3033562f44506a4878463450665653553041654a464d62736a376d72394c762b43306e2f41415846317638410a5a43312f396e443453667346654f5067373862666a313851764865377868344e735a4c44346c326474344d76394f6b307a7731346631456546396341306e784c34323853366a70662f4350780a352f74372b784c435a6b5479395a69647631432f344b452f38456f763251502b436d66687a52644b2f61483848366e62654c7643397665322f676e3473654364566c38502f4558777a61332f0a414a6933746844664747625339563071594439376f757536527130616b7876422f5a636a7a7948347a2f59562f77434463332f676e372b773338564e472b4f756d4434682f4776346e2b45370a3564533845613738577455304f39306e7756724563355779313753764466687277376f756c50346c306b7073673172573031655853565a7a626843456d72532b4c64396e6f756937753354380a4e6258656c37336c5477792b792f6b6e612b7639362f61337a7537366e35612f38484d6350694877462b30522f7741455a503269396368743748785034552b494c322f6971665465625730380a532b4876694838432f47775854546748614e544776374354753259795759466a356638413846665068375a2f384657762b432f50374c502f414154316b38536139705077372b4866777374620a6678317276685536656458384f66384143512b45745a2b4e6e6a5455744f2f7450526464306761724a3458302f774147365473316c414153565548417a2f5a48386176325966326566326a6c0a384a7038652f6776384f7669346e6758566276572f4238507842384a365a347073394431712b7772366c5957477078794947322f4b774f526a49556a42657653644e2b483367665364586d380a536158344f384d3658346975346c536658624477396f646e72467874744730384b32714a7061366d53746967587969355178626f53476a387854667350372b39722b3776612f3841656666380a39376b4838652f3758582f4271562b7974384e2f32522f6a7634312f5a7538622f487a786c386566426e772f316e7854384f744c3856363934653154534e65316e7736703158556644362b480a5044586776516a7165713637704f6e616c70486874667666384a426661537834556d7630442f344a412f467a343566482f774434496e2b4d50685438592f686e385566447678622b4448776c0a2b4c5077476773504850674878646f486948787634637350683971612f446a557644646871756b672b4a475853745473504232375241797472336836534c62356a525a2f7041715039332f6e0a645339682f6638412f4a665858575858384e4e5859442b59502f6731672b432f78732b426e37432f787038482f4844345166457a345065497233396f72576461306e5266696e344438582b410a4e593144534e52384166443945763841544e4f3855364e6f6d71616e707248543852367555666551526b425744654d2f74566673372f7441654c502b44704c39692f3437614c3843666a42710a6e775338482f44487731593637385a4c44345a2b4d72723453364a653248772f2b505a4e687158784447692f3849747057722f3270714f6e3651552f74766558314c53426773446e2b7436690a7567442b4e503841344c5866736a66746c667369663846446668582f414d466f763247766837717678524f6857476936663862664133687a772f7158696138303638385036667248687255640a5338522b47644d2f346d2b6f6541764848674d61646f2f69445639476b4d6e6837784270712b4a5a435a5434644e6649763758502f42636639746a2f41494b78664279362f594e2f59392f590a4e2b4a666758786c38634c653038472f4658566f623758664774345044576f3768346a3048544376673351394b384b2b463962516f76694c786a347a776d672b4850375a79724d643166337a0a566e57656a615270306b302b6e365659324573325050754c47787362553347433333697137694d6e7565535438784e632f7350372f7744354c2f38416266352b72656f483865502f414155540a2f5a52672f77434358763841776248367a2b797850714f6e366834383855654c66684a6166456a58624c50325457506956347a2b4d6e687a7878347a476d6a414f6f36626f2b6c2b477834500a304545426d384f615a426b6e47617a762b436a4837416b6e78522f344e7376324a76462f686252703550696e2b78392b7a7a38432f6a687035737263445658384e65497668373464623431610a6368786b6b44587a3478635a58482f435044424a4f36763636766952384a666868385a6644633367373477664458774a385566434d31355a58397834552b4933685477393431384f473973480a6b6254372f774434523778506f32733655326f52456b5273597477446b7178615267626c2f77444437775871586743372b467437345a304f62774265654672727748632b446f7450733762770a346642312f706b3267485150374e4749303073365578306f365971694e6b327859436f6d4432432f6d364c37503376347576626f422f47722f77414769386e6a44346f2b50503841676f7a2b0a306c342b314735312f774159654e64632b453968346b3853584d4a57363176576466762f414239346d314855435343635a436b3965474a4f64704a2f73432f61432b4a2b6d664244344166470a2f77434d7572546932307634552f436a34672f454f396e352b5731384865456461385173562b6f30356c363963676b634e586976374833374250374b6637426d686550664450374b6e7772670a2b46756966454878445a654b50474668622b4a76463369466455317654744e476d6166496f3854367a724c6164354f6e59585a70545271785a74775971684f522f7741464866326476696e2b0a31722b78462b30482b7a5a38482f46336833775434322b4c2f676c7642316a346a38564c71582f434f323168714f7032503976366471433651763841616d4e623068622f414563374634462f0a75634171324e55725231317475752f765361572f665831737236706a6d2f6156484a395864767071326c66582b3766307633736677582f38456c662b43622f2f4141564c2f61722b464878660a2f62742f595a2f61387350326376466e69543478654a6643327436547176697a34672b46662b466b363134664f6d654a4e52763953314c77786f3275365671656c485650476c396a2b3239450a4a7932736748414a5039575877572b4c502f4253623967722f676c622b312f38652f384167714a385176446e78472b4f6e7766486a37572f68566661542f777232665372727731483453384b0a3664384e7871656f2b4274473048546456314c586669647147714a496d74614b4e654d556d6b78544b5663412f61662f414153512f5978312f7744344a382f73472f4348396d44786c652b480a395738636545702f474f732b4f4e58384c33643764364c716669627862347931627848356d6e616a6636526f7a33364c7039395a5179504a43724c4b6a4b41775863334e2f774442616e34480a654e66326a663841676c6e2b3252384b76683170747a72486a485666687a592b4a4e43304f79674633653633642f4476786e34632b4974396f476d36654152714f6f612f706e68712f7742490a6a544a4265556a47384f4b77396c3742506c6162646d337271317a327372374c346b37337531644e626e7445367264743272325639464b576c6d37587472652b392f4d2f43663841344e71760a2b43646677302b4c2f7741482f48482f414155722f61733847614e3861766a4c38632f695a347a663466617238523949737646566c6f6d68366234674f6e654e6647576d3666714d4d756c660a384a50343238654a346944617775662b45666651596b384d4d6a7a61385738412f7743446b37396e76345166735566744c2f3841425048397337396c76776c34642b433378693852664658780a4e62654a4966414f6e366634643072784c652f4476565068743468384f6549443462303149744b4f714d327661687048694a6c52592f454b366c6f683853466c47382f59582f42765a2f77560a712f596638432f3845352f687a2b7a4838642f6a6e34442b4133784e2f5a7a6e3866364e71326b66453758644f384b32586966777a34692b496e69587874702f69447735714f6f736d6d366c0a496965496e3058586449456738514a346a73336b6b696474566a4a2b45663269506a4270502f4277422f7757352f5a652b45763750384f71654c50325276325372332f684976452f6a3939490a314b33384f363370476e6549644e3853664562786576384161536c744f307678747166687a7737384e504451434b32766f7366695655483342482f4c76352f2b33657639657074542f6a2f390a767a2f394b5033522f77434467442f676f6638414548396866396744522f455877633856336e6750342b2f48587868344a38482f41413031657769303637316277315a36636258786c3431310a3754394f3149617a706b6f2f736e544234514b7a61504d504e38524239717647726e386a7668332f414d462b2f77446771742b7776463454302f3841344b722f414c422f693778483442312b0a7a306d614434332b477642326f2f446a574e5274622b77734c38333339706166704c2f436a7850716b656e4b324e437a344d38514b345a436d4e366e354b2f344c7a66486234752f746638410a2f42583377623846663265766776725837532b68667343654674473852654a6668483463302b2f31363238532b4a37447846702f6a5834722f774270366270612f7742726632597172344d380a47654976374741665a702b73426d59676d7657503271762b446c2f77662b33442b776a386450325672543968763467324878392b4d336861382b46467470454639702f6a2f774144614c66650a49764d30317645476e2f384145723050785733696a52574f3777356f7639673865496a6f342f3453596b354d6533666553376176752f5038394c5736334a70552b62567074585356744f73720a74336571307470716d6c71727476384173312f5a492f61732b4448376258774338432f74492f415478484a7233773938665731354e5954336c75625056744f76394e314f62546466304878420a7072484e687175693668595336584e4730736a4963455a42334e394f312b4a332f424150396a37346e6673566638453050684a384f666a4c70393734662b4a506a62784634302b4c336972770a627143483762344c2f7743457a314b492b485044312b3673422f6168384c61586f477365496f574737526645656f367a3463414967796630432f62542f616e38446673532f73722f4142712f0a616638416945384d6d6866437a776464617a42706b307632662f684a6645743349644c38472b457247514f7038337844346b3144544e465471554e2b484a596f56506f4752396231556c74340a37694d787964662f414b37644f543147507a62672f6550387a6e3741502f427a702b772f2b3151326a2b43503269476c2f5a452b4c6d6f6d307431742f484772767133776b317138634145610a6638526d3033526f2f444f437a73712b4f4974486a436c46547848724f777458394b4768613570506958544c5057744131625439613062555946754e4f315853622b79314c537452744357410a753744554e506b654f55484947395832686979714e7733454138686e2b4549384d4e4e7176776631795434643338737a334e373465743741616e38504e64756376744770654443516d6b53350a434b32736543333054585a43786d385376724b686f784a5a66466958513773614638574e435834666170504e4862576e69542b305271667776316d34593758476d2b4d336a3064644a3150450a5a646445385a706f6d757974736a384e4a72495270573934724c76394f733957744c725439517462652b73627545517a325637414c6d3075464a6b34594d4343754175636a4f6345454d6d360a67433556697641572b4776695877497a3376776931324f303069466a4e4c384d66464d2b6f3358684735514b344668344f314a58625650686b4d6c6d51615175732b4852755548777147587a0a473662776c3853744c385461692f68752f74622f414d4a654e4c4b332b306168344f3852673275714732424f62375337344e4a706e69625367496d5561786f6b7570787158627a5470306a450a414139596f714b4b534e38694d3976543362334a5050346465654f4a61414369696967416f6f6f6f414b4b4b4b414369696967416f6f6f6f414b4b4b4b414369696967416f6f6f6f414b4b4b0a4b414369696967416f6f6f6f414b4b4b4b414369696967416f6f6f6f414b4b4b387a38592b4f744e384b745a5753573137727669625647653238502b44644466533238513636597736587a320a43616e72476b6163756d364f435a3962316e565a45304c52496d4275706c6b32784f41646272477361583465307a55645a31712f73744d306a544c4b36767451316139755073646a703970590a2f65652f766e6b49564677355038512b634257624f3778356453386366464b4e347644683158774634446b4a4d33696d34736a62654f76466c704b386f512b444e4d314257506854537557560a7465317847385346647a2b472f446d6a6b6142346f61396f76772b316e784271566834722b4b31375a367a712b6e5831707166687a77687066323262774e344c7572463554703939703431420a466b3854654b592f4d3348786e7253497749582f4149527277396f72656475397632664a737a786a4763652b66582f5072514278586858776634623849364f326b6547394d54544c667a55750a726c6b6a4275745431452b57313771757561684d736d6f3674712b7273466258645931683331725632387961346c6c664a72754b4b2b632f326976326f2f32657632532f682f50385476326a0a766935344f2b45666737375a62616442712f6a5056317444714e2f6673424870326c36646874553154556a744a476c615448492b334735515341414436464949362f3535492f38415a542f6e0a6b2f6e6e2b30542f414d464a66325a76325a76326b503265503253664847753631642f485839704478466f6d6a2b412f42656836466633513076523966314f6654563858654a2f45463935570a6b3664704565706164657273456b6d764f46554c34636259307a2f6a562b31482f774148425078722f59652f624d7476412f3755483743666972776a2b786e346f6a7362663466664850777a0a7236654b7645666a4f7a76392b7044346c2b4739663033576a384f76452b6b663252674477546f32736e7843426d55654a764f502f43506e382f502b436f7637545037506637522f2f4257540a2f6768332b31682b7a6a38542f4448784d38432b4e664850674877624e712b696167763276527459303734352b475747676549644e422f74627774346e55654e676e396a613446624f346c570a5562337739736c653062363636765731374e61507433376270387a716c543572704f7956727436395a7064562f4c3931745730322f7743364f482f554838502f41454b763431662b447537340a622b48726e77642b774638597646576e79336e686e77313861504748772b385a74627a43307647384d2b4d644f384e2b493952737674344a3271644e3846366e744754675a77546c6950374b0a592f754e395038413270583832332f423158384e5234352f344a4e3639346c6974784e632f4358343766435434673235485742645250697a3462587a357a7a6c5069475366633442775456560a462b376e365258335475504476393876564c2f79616f762b4436647a386476687438532f326d502b445a72397133522f41336a713638546647372f676c332b307271734775654366453532330a6c3734502f7442744f766d314853326a6c5853394938642b43744b764166456d69713636443439384f574138532b47646b6759615a2f536c2f774146427632712f77426779482f676e524a2b0a325238622f676634642f625a2f5a756d7376444869447772704f6c2b41504233784f3075362f34532f55374854504465754754784f5730727752482f41476f6450306e584e654a53585164630a654f4f614a4a456b422f6d762f59722f414f434d4837616e2f42587a34576641333970762f676f722b323534726e2f5a38314877546f6b7677622b474867665666376538576e7762702b6d6e0a7739707a4a70386d6a4434652f44494b6c677a4e355769363734693137447234712b6453443936663845772f2b4362662f42536e39674c39716234346673592b4b4e443843667444663845730a50694e44713931716d722f4533784a706e396c66324e3467736456476e4c34623846506f757561702f77414a3234476e364a38522f426e39686a34656138726e784f5046534f4139633064480a627a582f414b564c7066796a72326b74486371723857393379704e323638302f507439316e7332302f4c2f695a2b30762f7741477850697a2f676e7034352b4a57682f424c396b72777034300a38612f4358784a626148384939452b447667367a2f615a384f2f457255504430773037514e503150532f43582f4355365a71326a6171452f34724e645a5477364744482f41495351715174560a2f77446733382f5975746632315038416769682b30422b7a6e2b31466f5774532f424434732f4848786a5038484c306c763755384f4a596142345544655076687a7157704b343361483437300a322f6447326e48694c5474635463714e49316671426f502f4141625366384568644a2b4a317838536838412f454f705768314e7453746668317266784c385a586e773474376a61324c4c2b770a447159315455644c4a77663749317257706f774d42677733562b3558684c776a3457384165477444384765437644326a2b465043766872544c485276442f687a773570646a7048682f5264480a303958466a59615670756e786948547450554b57574e52747a6e64676c3633564732726c7a65584b75375838335a332b3574335245366c37743373746c7539623331623638742f4b793361310a2f6930307a2f67316c2f62556a676d2b4131782f7756433157322f5a412f7477583848772f734c6234704437525a66326c4a71507a6643687646342b482f384161705041316a2b327978352b0a556b45312f55332b775a2b777a3844762b436550374f766872396d33344336646672346230712b7674663841457669505870626166786234343862583972707347722b4c2f45392f703855530a76714f734a706d6e693233626f744b30437a306251556a4b787850583238693579543037652f4c4431794f6e36652b5370593549484750316f56424c65562f6c357638417666672b6c7458590a4a31484c56374c524a65642f7676795831656c6c31767a4e38714c312f774448762f723075772b6f2f582f4370614b334a49746839522b762b464d702b382b3335482f3471764f66455078610a2b466e672b63326e697a346865447644642f4541503750316a78586f566a6535444d4154707a3675736e502b307563376363633041656c3056344d7637516e674b37495877725a66454478380a7042454e3134492b474878413137514c673563414c347958517834535051484a313445426a39374e4f487864385a584a6361522b7a763841474339555943584e3764664344516251386e4a650a5056506938757171654f4d614d3263386b635a415062364b384f58784a2b3052656c704c503453664454533759595652346b2b4e66694264575534624a76644e384e66427658644b3543354f0a4e65594467636a4a4a48502b307649435037432b434e6830352f34537a34673672304a2f366b2f5175324f357766556b30416534315972776e5a2b3073344a2f34736c48304279506942636e0a713265705848385034666a517166744c4947502f41425a4b546f426766454331505673644333762b4857674432366f695679654d2b2b534d2f686a69764431752f774270614e5733614e38450a726f414c6d482f684a7669425a2f784f41542f78522b7434483049366a766b6e796278762b3078346a2b467436756e6645577a2f414766394931457743342f7353332f614a3141654d4c6d300a334f75644e384e367438484e44553841594c61305165534332336458505871554b4b765861576931533833326c657a74644a4e374f2b3662716c547256744b43764b36582f6b306c33576c300a7237367461337666374a547541324f6e624f657672302b36662f723935735934395038415072583579516638464a2f6739473830576f2f4472347a5278777a43306d31665376434e687233680a3033575741582b30644e3178704d385a4a4f6b444a353238664e31576c66384142522f396a79386e6131317234706e77626546664e6e67385965472f45656b57576e7164342f346d5869542b0a796e384b36546a47374f726137487a6e6b67416e6a6f5a706c64652f734d644233536472746158653375752f57366c6439457272545370674d64535775446b6c644c3462645a5865316d76530a2b764f6d37706e3378566576472f682f2b30623841666978436b7677782b4e50777638416946356f7a462f7768767842384965495351647736615a724c6b6e70386f79546b594f517850734d0a6478356d6348474f4f33766a7433326e333763395436686950707a52384875422b593562394f5031373764314e702b382b3335482f77434b6f412f433739702f2f6733632f774343585037560a7678443166346f2b4c50684634692b472f6a4878426644575045756f664258785a2f77674f6c3637724c7333396f61687158686c6444313377716d70617754733133567447305853353556430a6235576d38316d2b326632562f7742672f77445a6f2f344a336642627864344b2f59332b43576d6142717437704639713073302b6f6d37386166456e784e70746a71542b48724c786e3432310a466637535974666c4e4b6a38316b3054516f373652346f45517a7458337a356e742b762f414e616a7a506239662f72566e374b6e2f4c2b4d762f6b745036315a504e48762b445035636638410a6733342f344a362f745066416a34712f743266746a66747a664466552f412f37527678792b4b6d726547724854396231485464577650384168463951315166456e78703469307a55644c31620a58394d316254664733696678425936624672436130786b5068703079447472344a2f344a71537a66736c2f38485058376476374c36323972626542666a4e4e385674613048517059464670440a724e2b66432f7874384536397070594566326c6f2f68665550454f696b344a78714f746b4d4741632f77427846666e6834722f344a6e66736d654b66323250412f77447755445877707266680a7a39705877504f6650386165472f454e2f6257486a53785068485666424d656d654e6644756f523678704f7052726f2b6f4845756a4c6f2b74722f5a2b6a4b3179585173632f59663337362f0a79767a3663332f423231334b50304a542f5648384b2f67382f774344726e39766a5376466678542b44332f424f3777393468763476426667572f306234746674497a2b4843627537477336690a5a66384168437642773030746a566455304c777639763841474a306341426d385261513741767044733339735878792b4939313847766774385776696e702f684c784e342b76384134642b410a66462f6a44532f41766737544e523851654c7646312f346530445539547366442f683353744d3336707147716133714b5236584571746e6535795979664e50386e582f4276542b784a722f370a55586a483973762f41494b642f74772f447a542f41426234732f6151386465507641486862775a3853504444336c6e623666662b49527158785a3142664433695853427430784e564f6e66440a727736705a7a6f7165484e666856437a37775672766c532f76666e4733582b374c385864613344364d2b4533374a582f414162392f7744425972396e447744384d766762483455732f4766770a722b484868667752704f72654378702f77712f61733849364e3465304c54394c30372f684d394a31585233627832566a3873796131724f692b4d76446a73724e4634674570634e39576146380a532f3246502b44637239683334642f42443478664848785234726e585676476d722b464e4b4e674e572b4c6e78553166557462316255395150687677547032716a5376444f6b364a703430370a52333156546f76687774476a47622f684b39576b6766302f34612f38456b502b4362332f414154352b50384138512f2b4369587775384133667776766643507775386454367434617339584e0a31384c66424f6d69302f74547850347738476548395274704e55384b6173644430765574494d656b61326e687874433148566f426f455a6b5334722b64622f676c6c2b7a52652f384635662b0a43676e37527638417755752f6262304b58785a384276686c3430302f7772384b50684671796b2b454e53316d7759366c344c3841616e7077794e53384c2f432f77736248562f45576b4673610a39346b385249766964586b6278484763467030313073373662757a57766d2b363132412f586a396c762f67364d2f344a762f74462f4576546668643470745069722b7a7871506954564c50520a2f4450696634786144346358775071642f714f3461665a36703469384d654d64656a384c79534575576b31694c2f68486c444e7438534444627636524c57654737686a754c61574f61336c550a54517a774547475a53534e32637365765055354f65535649722b5a542f67346d2f59502f41474b34662b43595878682b4e566e3847506866384d50695238446f5042657066432f786c3448380a496142344a3159586d70655066432f68762f68443951627731704f6972712b6c6137706d6f4853526f2b72457867454b475a6c597639352f38454b66695a34332b49762f414153512f5933380a576645362b75626e5762503463586e687933316256703547766452384965447645766958777a3458314c554c3355472b5a663841684750443169727475554b746978643968595534766f39560a7030383138396d752b74743736682b77672f655a3648676576514676727a7a2b484863485046654c664258686e78707038646834673037375562527864365666774753793166526230462f2b0a4a6a34663153775a64553066564143502b4a6e704c4b2f5162766c6664355034522f61372f5a5238652b4f626e34592b4276326c66676434792b4964704d4c6566774c34622b4b2f6744562f0a4741752f6d2f356c765474646b314d6b6b396f2b515277546d766f337a42356666706a384d342f50742f374e337275413847477465507668664b3066696d5055666946344569564758786a700a756e4b336a627778614a492b352f47666833544f6646476e6b48614e613847364d3276674b6838522b4679466c38544e37466f2b72615672326d574f73364e71466c71576d366c5a7071466a0a66324534754c5737733776637933746d344c376f32335a343447356c4a446b71646476336d514d34342f6d33505876774f765963355050696d702f4437575044756f582f4149722b463133700a2b6b6176714d39787158696677687163756f576e674c787265467a39753143392f7331482f7743455738564f794b37654c644630643231676c7a34723048573146704e596748754e4665592b0a445069486f33696961383069614f363048786670304b543635344e317868612b494e4f44454b7434464943366e7062763871617a6f2f6d614732346f737554587031414665724646464146650a724646464146656972464641466572464646414665697246464142566572464641425665724646414252525251415555555541464646464142525252514155555555414651744a77665439540a793376302f6c3638386a6675347a375939656d57487232322f5535363546654e36783472312f785671756f2b4476687a4a48484a7073347476466e6a3877324e397050684f394437553050540a4c42354d2b4a664534514d306946573044516d4f664537733466773549415850456e6a665742717a2b445041656d4c7276697059556d31532f76704a5950437667717a76704753505550452b0a6f6f574d756f454d583044776470546e7844726e79504b4e47384c372f45363376422f676133384d74714f7133326f3376694c784e7251542f68495046757552514c7265706c5a54396a73620a52644d564e4d306e52744744496e6837524e485152524b586b75486d3854532b497645462f766546504375692b4564484f6c614d6b7151764f62793876726d52726a56745931692b6344554e0a65315855435132706170724256444e717368456a4f784756564445765a554156366d5033572f7a2f4142567a33694878486f4868505264543851654b4e65306a77336f6d6d514335315458740a65316577307252394d74464c4133756f616a71547736645949446b6c7047434d534353612b515032684e4e307a397433396b6a343266446e396c7a39703353764433694478313451316e77740a34562b4e66775138643646346750673378503841764a4c422f7744684a50433271547470326e53506a5276456e396b544a726f384f332b7052786b767433674878582f77574c2f344b6f2b4f0a662b43625877792b48492b4566374f2f693334342f466a34386176725068443456533256686433767736303778507033396e494c5478452b6c7564583162784e494c393956384e2b446448560a447238576e617569362f437973472f6a53384e2b432f6a482b314e2f7756322b422f77352f774344676658666a50344e6a2b4d4769614872486776776e72462f5965436643467150476245660a447a776c2f5a756c71326c2b4266416d74366c707571654550454b614c2f5976694c512f45675650465569716645736f2f64762f4149494a2f7438664544776238565045582f4248332f676f0a5a43316e2b30542b7a6c347238535776375050695478396a567456312f54394273645547702b4472487844715a4f375539443077582b742f44625841466b3172346661672f6868573236546f0a4b5038416f763841384637662b4358362f7744425133396c433738556644485349682b31442b7a3548652b4f2f677a716c6a477476724869717873444a7150695034596632674977797272670a4336783463566937522b4a374453346b506b617072726e67582b305874757266397571387464396e64656236366f317050324c6b6d6e5a704e4e62717a6e5a7038327a623650645058632f560a6e78482b797638417336654e2f6746596673792b4c766731344a3855664137542f43326e2b454e4d2b46336950536c315477377076687654644f476d3664702b6d6e56432b703665644b694b0a78783677434e655435323834536b47763462502b4377762f41415137732f3841676c747250674c2f41494b4c667354586e6954784638487668583861766839343438572f4344785a2f6147760a6e345233326e2b4d4e4e31547735722b6d2b4a41663756315877482f414d4a5070326e614d663761622f684964424f70614c6a785072594736763648502b44662f7744344b66792f742f66730a7270384d2f697a717a6a397166396d36477738452f465779314e677572654c6644614f4e4d384f66456c67474f64526d2b77766f2f6955736a4666454e67376c773271777376376566466a340a5865422f6a5a384d2f4858776c2b4a4f6857506962774e38522f432b74654476466d685874754c6d7a3150524e66734a4e4e76346e516e6b624a4d723177634e6e4b6e4f6a6a7075724a57580a33323165756e363958754b6a56644274717a5453547670747a5731365038376447726e697637465037576677322f62672f5a692b4566375458777376597066442f77415350446c6a71562f700a5a754264586e6854784e674c346b3849366d647849314c5164542b323651324d63717541534d507a482f425176396b736674322f735a2f4862396c482f684a7254775a6466467277355a61500a702f69793930762b317254773572476d2b49644d38526166714a3077726a5564703037444b7551506d4a4734746e774c2f676c6a2f7741457776426e2f424c583450655076684834432b4d480a78442b4a316a3438386658766a69614c78696c68612b4866445635734f6e61665a65476644576c6f34303176374d3037546b385161724c71354f765361646f372b54706172356266716a566d0a5a386666734866736c36542b777a2b7956384850325439433862613938524e4f2b456d6a6178706c7434793853324e6a704f7161366451385a6131346d5a5270326e784c4659615a6f6c35720a5436506f4d534670492f44396c704d5453616f56613462374c38754c2f6e6c2f34372f3965707168502b71503431304155315544507934394f6335362b2f48552f6e566a63677a7a31786e670a38343666352f6e58787638414833397572396b33396c75435166476634302b476443317533674d34384961624e666549504731795939794448687277306d736171753444494f7078724763660a367a4a7966786f2b4c2f38417763582b41644d57353033344566732f2b4950465576384170583262784838527645326d2b4874494730794134384f365532743674716736457164623059484c0a4c794269766a63363433344f3457626a6e2b665a506c7333626c687a747961313652752b7569613771393266513850384638576353637a79584963357a4c62574e4a322b4b653075626c38330a7266564b366b74663657306c4279416d4f6d656e716363347a32485431776367477543385766455477423448574e2f466e6a4c514e426d6c4c785764687147723243367071643338324c4c530a394c38332b3039563149736f32365a704d557378422b36564b672f784c2f47482f67742f2b337038553435394f3850654d2f44507764306354722b342b4766685779747459754c50393450730a476f2b492f46456d7636726c6765546f6639696b3558637a43766e625266384167706a2b326e34626d6d762f41413338595a4e4431473842476f61747066684c77682f776b4f70336d5748320a2f77415365497637494f726170716835794e613177392b4365522b59596a36522f6874537573502f4147396d545369725279567061382b7163704a50344866524c33706445667047453841500a454b736e395a2f73484c2f4f65663039624f56303147476c72752b2b696b377457503774302b4b33696a58564d6677342b452f6a505759686a2f6965654f495a506862346678382f582f684a0a39486678626b456b59587751347752686a38784d762f435066486e7849444c72587845384b2b414c5758707058674477702f776c477357764a48506a66787950374b3152535175542f77414b0a7430676a6a47345a4e66784e2b48762b437a762f4141555938506d4d522f484f4456496f7069747844725867503466616b31774d734d427451306b4d754d5a4255726735352b5864583268380a4b76384167346d2f614b304b347459666a463848766874342f73524b524e636546626a78443442316935487a63376a4a3435307a493638614e6e6c65515635376376384170432b462b5931350a5550723873726161317a33493231753039707a696d3472586d5879756d636d4d384350456e41526b316c717a4a4e50536b30704e70793679707756744c367476336b72326250366a783842660a42327162376a7874724878422b4946354b726661626a7866385150456e396c584c59664444775634623154517641476c6e4a79446f76687a5367534375306774586f76686a3465654176424e0a70396c38492b4376436e6865316a786932384f2b484e4d306a484a412f77435164456835417a6a6b2b6f79526e3874763262662b433033374648783775744f30485866452b70664250786a650a536d30673054346d787461615464336e37336978386132426d384c6252774d36334c6f375a596b4951725a2f57335437367a314730533873377531757257376757347437797a6d2b31576c7a0a6135507a42386c5341447a676e377841594d6a4c5836316b756535586e2b45655079664d59356c67576b6d34793576744f317274646d6d6e7174565a765758355a6d575435706b2b4a6c68380a33774573737a434c73314b44693230354a754463556d7237754c617533713371396659665566722f4149557972464665306368586f7178525141564533552f51662b6853564c5251423433380a5a7646477365412f6842385466472f682b474b36317677703449385465494e4a696d694e78625065365870757158396a7656574159466b5175446c534e674a59426a583559614670466e706c0a74396f696558554c363778663670726c372f704f722b4a4c77456a556466314855526b6170716d7541665163386b6a4a2f5a3634746f4c79336e74376c556d676c69386d574b5a63323036730a53647058445a48424751446a4c64635a72383976482f374c666a4877336558576f2f42615853646138504f524c42384d2f456c322b6a334f6a484d756248775834305a4e617870583773482f0a414952445730386f7334534878546f2f6862522f4476686d76782f785334567a3369504c6344504a587a2f3259314a354a5a652f6f314753533339314a62717935556e4a4b562f3066777a340a6a794c683748356773356a645a6e4652356d31614b546c665a4e7133785874745a4f56374d2b4a4c617a385a66446d58557250526644582f41416e48685738317a575045486b615671326e610a5434353079393851616a713270616c702f77445a7571663246704f713657645431486a2f41496e6d6a2b497552796347705a76697a345a6e51513350672f346a54616d502b506651702f68620a34774832713879344a2f7449614e2f5a50664a4231763048664e656a61337147752b446d6d543467654176486667695345447a376a5650436c2f712f6879324758482f493665476a726e68550a4559776336356e313641307a52664650687278446252542b4876457567367a617a2f38414c78705772616464352b2f6e413077486a49365a2f7563676e6e2b624d64674d337976454e5a6a6b0a50396c7653366b326e6539546c31743164752f32723638702f512b447a444b4d6246764c4d78556c613130315a2f4833646c357050564e4e74746e6975696673392f4458564e4d3161362b490a7677772b4832762b4b66456d75617a3467313265667731346575377a54663751314a76374e734e4e31482b786637577a6f6d6c615a596150332f3438447a3936756f306634537a2b43516b6e0a776c2b4c7678752b457277466649302f7772385550454f72654862593566384173327748677a787a2f77414a7a345530725338382f77426a614a6f656345446f4d6e32456251506c366e747a0a7a676e3136634b542b6e4a366749555950792b334a3646752b4439662b42593532354f5746346b7a7a4256336963747a33506d37712f5337393733724e50722f414f6c622b377138546b47550a5933447977324979394e505676545856396d39557536326c7664546b3466446678772f625738437447482b4a6e77782b4f4f6d516b4765782b497667422f682f3474754c4d5a4141385a2f440a4e7a704839705942796e2f43713975574c45456b4776652f4333376464396170446266463334412f454877684c7a352b752f447655644f2b4c336845344c676e2f69564c6f667841425841770a502b454635353549584e6546664e794d35365962413435353437354835665768646f7a672f65786a67397335362b75302f7744312b2f3232582b4c33474f44542b7359315a6f394e6b7266450a3133566c377254652f4e73373676347a4865465043654d54654777557372657a6162646c6556744c744a5761643364364a5863745439452f416637527677502b4a6432756b65465069506f6b0a6d75796344776e72493144777234343673666d3847654a3439463856494341514766526c584949795356466535724a455177787a78742b58334f66626f70362f7a362f692f713368335166450a6c71625078446f2b6c367a61385a67315777302b36737a7a4a6a6a55383477652f7742665131722b462f454878572b4854493377392b4b33694f30735973412b462f4839787150784b384a6b0a446341442f77414a4e72493856366141543933527648476a726a4a77537872394c79587876796d732f595a31675a5a58792b62317535702b376254566136747252575238466d6e672f6d4e470a4d73526b6d4f6a6d7364456b6f754d6c625452743261757446474b646d74724e6e37434c675a416a3235373779656850623641666e33494e5362735a78314f506d3963486a6a74782f6b6d760a674c77722b3252724f6c7778327678632b4731395a51514c69353864664457612f774446586836515963666239523846674878376f3746756d6b614c46343151416e643468594446665848670a44346f2b4150695a70733271654176462b69654a37533359572b6f445337364a377a5472764c443748716d6e4d3339703656663443356a31564935516675726c6a5836766c484557523539680a3556386e78304d785361306932355776473237646c723274644e4e74335a2b58356c6b5761354c654759344365585054575556792f46503753584c6f746258653775377862667067534b54500a662f3841575237357839546a50584f616a6774376132426a676869697a2b394969684367387343526766655062766a4f4d6b6b693152583042774879682b327a38492f4566782f2f41474e2f0a326f2f6768345075567476466678542b4266785538422b475a784d626662727669507766712b6d61593251474b6c39516c51627567444863785573316679462f384738482f42552f396c48390a686e344366466e3968763841625838546a396d6e346b65412f6a44343038555158337841304c78465a61587154366c596154706e694c5166454579365347305878526f656f2b4770493330660a57453830724970535253687a2f637777344a3950312b5934373864536678786b312b597637572f2f414152352f774343636637633369722f41495433396f4c396d2f514e59386653717632370a34676544395638522f447a7868724b6b4e6a2f68493965384436726f62654a774f3636392f617841786a41427878754f376a3061542f5333334b2f6254657a4b70564c4b567455374a7036610a70757a33666c354e62713764763561662b436e5837636669662f6776642b30333844762b435a662f4141547874396538522f412f532f47647034782b4c4878676e304f2f30767737723135700a377936622f77414a727176396f787071656b2b422f686c7052313658516b3165454a34373854366e704951734234616b62642f62642b4b5878772f612f7744326976672f2f77414739582f420a4d4478486565435067562b7a7834583054345966487a346b615a64766232576f743850644e4f6c654e4234793144546d6256592f436e67645642385236496d7349766a2f414f49326f7434630a4b2b592f682b527636317632612f3245763256663245666874347038482f73682f42487774384c323150536267333272365844656172347438553374685a616d756b66384a523479316154570a5046336965545335634c422f62477353674e6454446573736f516679792f3841427142712f674a663267762b436a6358784e3143777476327174573856364931395961356345654c626e77300a766a4c78312f77735536654e53503841617a4165505270783852427334622b784467737561693336666e62627674392f5a58636e5366744c2f7744427162384566684a2b797434792b4a50370a4f50375276786c692f61532b456e6737562f694459654a66456b32685766687a78767248672b7731627848714e68702b6e6164436d7165416d317336595638506175757661323368346c53340a316e64782b71762f4141626e2f743266464c39755039674161683862395a7566452f78502b424878423166344f2b4a764856396b5876692f52724454644c385165476465314679582f7448560a66374d31542b783964316e35527238326e72346a3367796b6e4b2f344f42502b436e2f6750396954396b4c78393846504358696178315439706e396f6e77707250772b38422b44644b7668500a346b384a2b455045656e6172702f69623470366b6b6271756e36566f2b6d44554e48384f6d5a524e72506962554e4c4346344e4c385256386b2f734b2b496643502f4276332f775138682b4d0a503753466b397638622f6a4a71657566452f546668464d2f324c582f41424638546647566c44702f77322b4837714752744e6b30627776704f67613138513959414b2b483476376638306a2b0a796f3164723357376264645871746678652f7279704e32626536357175486c713379745730313176363330752b3937747471365036792f4f6748722b54483139632f357836557466353076770a432f344b4a66384142622f3968323173502b43704878333843654e506a422b78742b313338516457385a654d76426e694c5747755044756e576439716261663462763841775870794e7265720a2f4164646430786450306234653673644650687678463462303752306361346a65486c722b3637396a6a39726a344e2f74792f73372b4166326b7667627173392f7743426648746b324c4c550a37647250576644657457456a5747762b457645576e4674756e36766f656f722f41475a4f674a5a6e554d454b676c7434316b372b3761793739744f332f444c71794b6c4a30573037577465360a5672377033563948703138396270742b312b4c66412b6d654d496261357548756449312f53693131346138563650635357336948772f66466975367a5a77793668707368387361376f5773740a4a3465317445387678446f55734f56724138502b4f4e573058567250775438533069302f58727378576e6876784c5a573567384a654e67415176324c6558627733346c4f34655a34513164790a374d462f34527166576b4530712b3056792b762b4764463854365665614c72646e4471476e33694b4a345a34393349467a74764c496952545a616772536c30314a434856774344795457356d0a64487650742b522f2b4b7157764362625764572b474635486f766a4f3775645a3844334d79322f68377839663344334635346545626b5747672f456255435157546b4c3466385a37635371550a6938584d33695966384a4a7166754d63766d5a2f2b76372b2f743965756568794153305555554146464646414252525251415555555541464646464142566572465636414c464646464142520a52525141555555554146464646414255416659446e6e6e703336735058322f6e304a707a645439422f774368535634767232743678343131753438456544722b66545964507a4434373862570a4a4b2f324f684a423849364266596650697656314d514c415a3850614271432b496c646645722b4830594164712b72366e342b316a555042586844554c7653394430795a374478783434302b0a655332764c573733466d38492b43722f4148506e78514f6e69445763482f6847314968694a38557342702f703267614670506872523748517443302b313076544e4f6746765a574e6a4669300a746c55766a614142334a36342b39676e6745726f656836563461306d79305851724b4b77307a54626357316c5a5172387341792f48336a786a726b6e2b496a6756755541526f70424a5048700a372f65397a6a722f414a7a554d725a4a413659586e312b5a2f586b597766726e327235512f62422f62452f5a2f7744324866676834732b4f763752486a71793848654476443851677462547a0a4c61343854654c74616d5757545476422f6758514775556c3854654b4e5a634479394f686343434c66725069423466446b44796a2b504c78502f77634c2f384142596e782b6e6a62397444390a6e72396953776a2f41474466682f7270734e57754e652b472f695078486158476a57476f4d70762f41424238526450317a52664c31497271476d2f384a48712b6845654739414c4674704a630a316d367346665737586b2f507238767853364e6a7030323031485a577666316c627235582f5736764c75662b436c492b4e2f38417756322f344c657a2f7744424a6a58506a54715077482f5a0a6d2b43576836503472313353724b2f6533767669446557486744773534343853612f706d6d5a66532f4650696a2f69747a6f33686d505745783465384f61647250694e4643723469552b7a660a73322f44442f676a722f7762396674502f4537783772502f414155743864654d4e5838532b48624c7768706e77476776563862332b684d6a2f7744452f7742512b4b756d66434c52546f32710a61727554547066446236376f5867342b4839757271493962647a496e7066786d2f7743436433374a502f42794c38422f68442f7755512b42766a2f78482b7a623862395330522f42486a75370a2f7362546646746f6d736544704a6450762f426e6a625334745630526d315451684b45384d654e4e4531706a2f7741497a66614d302f6835706d42734f412f592f77442b4461332f41494a580a664476787a3430384d66744a2f7452576e37562f78572b47567459585878492b46566c3438303734563656385037485564506255394f762f4142723462384c654c322b49476d45365750375a0a58577459312f526838376348417a7872395671397435642f5337386e487349542f67726a2b7a72384866384167703138426644502f42584c2f676c543854724c786c2b30462b7a44633257740a6133712f777a6e3148532f48506958777a345031537838534854395138504854644b3166532f6966384c574a3176773075747367317677772b71784b7574425044646673662f7752702f344b0a666545502b436f48374b4f6c654f62323573644b2b5058773262542f41416638662f417476747447745045347367644f3859615659466955384b2b4f6c3361766f614134305058763761384c0a67427448637638417a67663845577a34492b43662f42774c2b31682b7a782b776c3468314c786e2b785a712f6854346a574869663744713139346d38483664612b44624c5239533850582b6c0a2b496d655a6645326d614c3438314855664276687278655a472f742f772f714b4c352b7335383676366b6632532f3841676c4a2b79482b786a2b30742b30462b314c3844664458694c5166480a76782f7537676176704a31362f587752344b305855372f544e5538522b48764266687254776d6d4a702b73654a394d4775736d746e563550447968504476684e7448384c423448364d5038410a3876502b3346393350352b5834767542386f2b42502b434c48682f34502f384142577278442f7755712b436e786e316a34552b4576462f6876555a6648337749384a615059705a65505069460a3467443664347954564e51766f70394e3072774672773033547647456d6b70464a346962346768353474663065466b422f646d6e66776638437074414474796c63736359364e6738383450410a36656e2b6330727a7171377a79446e35756563456a7032786744706b376831504e654e66474c343566436e34412b434e512b49587867386661463445384b3241664f7261396572624c64334f0a346862445337446e5564563149374d70704f6c525354736d374b38754b2f6c672f62582f414f433850784c2b4935314c77422b795259582f414d4c6642362f61645076666962713976707a2f0a414246316d3152585866706467374e702f6754545474556c355a4a5045782b624c614b775a6a385078683467384b3843594357497a374d457063744e7779614e6e6e56525335326e476c375a0a5374644e7555326c5a7131527048315043584250456e47574e2b715a4e6c38707475306d37386b645a4c5756723638756b566557716253563266304a2f74652f38464566325a66324b39496b0a2f7743466d2b4c4631667876505969343054345765466d2f74547831715373736a324c33326d6f636547394d6c63596256396238754a51576454497965576635596632722f774467746c2b310a722b304a4a71336876346436704238412f68356447386774374c77506661676648562f70474a467a346838616c795153724d704f684852546775446e637a48386864653851363734703176550a5045486958574c2f41462f58645a76727a554e573162566238335773616c653335663841346d476f3669536576706e734d35774b78666e50336a794d3547427a7933634830326e394f75612f0a6a666a7236515046664564577067636735754763756a797874472f397453664e55566e56553362756f7869354e547370785a2f57584133675877316b4c7765497a7078346f7a4232743771570a51614f586462726c54626262356d2b572f4b693165616866367264336d6f61686558562f66336b34754c362b76707a6433647a655a6b497871576534365948714363383145414e7a2b3233480a343965395141357a6e676a714f76556e4850304150343450494e57446e49414f4f766250543866382b39667a375672563631643469756e6470586b30374e4a7a307648666d733370306156330a592f634b46484430656644345730744e724e4e766d653762762f4c706536753775556b7831464646596d6f5555555541564d4847332f78376a317a307a58337a2b79482f414d464876326f500a324e3954736f66683934776b38522b41594a524c65664358786850666172344a31464e354a5854474a7a3458314973694536746f3255626e65724c6a507766754743527a6a48714f707750380a6172676453654432487079633835357941447a307a6a6b67313944772f7741523537777a6a355a686b32506557592b36563164667a326470637a563230724e36326a716d37486a357a6b4f550a385334442b7a733577447a544c326b30377474506d6c73724a70704f2f4e6f34375831522f6f442f414c442f41507755692f5a392f626730434333384a36712f672f346f575670396f3852660a43487846667150454e6d476b5632314477376659574c785670436841524c7050372b496559504566682f52357056537630596a2f41487537436a41786c7478776558412b586b6a47435078470a656d612f7a4376434869377850385076464f672b4e66424f75616e346338572b473955733959304c584e4c6e2b7936747032733663572f732b2f30374c59775143546e6a47426b6b632f32580a66384575502b43736e682f39712f54374c344b2f477937303777762b304a70304974394b76305a6254515069765936634d48564e4a52684a2f5a33697441662b4b6a30453457534d2f7744430a5265475249692b495964502f414c6b384a66472f4163627150442f454b57576351525556427474527a6e5761305676646e79704f55644e45724e4a336c2f476e6956344e5937684e537a6e490a47383034646269354e4b377954576f7254646e7a52364a72564c6c693732625837745556467650742b522f2b4b705034502b42562f525a2b4a4531464646414256657246563641464b412f770a45657633756631727972785a384650673934386d6d7650484877732b48336969376d4138362b3133776834653161386e354a47362b76384153336473392f6e505535494f5366575134376a480a766e50723765772f50324e4d336e6b5a36597a774f2f54745850556f556179744a4a2f683164744876617a74302b4c65387279702b792b302b313072614a76706675394f79747531632b4f640a622f59702f5a2f31426f5a7442385036373444767253637a366650344638582b4a4e42744e50627939557367645038414461367533685349624e516635546f5a7a6c4275334171664d74582f0a41475050694a70575234462b4d6c747274754e674e70385576422b6e335771536e617833447844344566775870634b386e416d3845367751654e78777a562b684934484a796658474f3537660a54482f367961647362302f55663431387a6d58422f44576252617a4849736e712f77423530396435726455344a6236585436717a5352376d5863543852355a72674d37715261737263366d720a4a32745a75533674712b715856326c66386a64662b482f787a3844475676466e776b31585562434a554d336950346158342b49476b664d6f2b5565486c4f692b506d4936466b38464f7563410a4d63676e694e4a38562b484e647572717930725662573676644e2f35432b6b7a67326d72365a792b503752303355782f61326c3966353536562b31596a6a41344a796532633577546a39426e0a38776551632b592b4f666844384d50696662525733784538433648346e4e6d6f2b7833756f57574e57302f6557597470657649563162535733634d2b6b61704849636e4a79587a2b643578340a495a4669722f324e6a5a3557336136566e316c315632316476647652704f365376392f6c5069396d394265777a7242527a614c35646232646b354a3733556d3765367252562b64704b5461660a355a615471756c3635596e5564493143313153782b30586d6e6d2f734a7a645766327a54745362544e53734341547a2f41477070756f4831795431414f64596a49595a344f4d63644d4535370a3835342b6e346d76632f46663748326f2b4658757050674871756736526f4a6d7572695034562b49744f6b732f436d6e76714c6a55623865477646326c6f2b726547596c31523737574a4e4f0a3162534e63675754554a46384d6e516c5353766e6537754e62384e6177766858783334633162774c346b6b43437973745a695674493172374147652f2f7743454c38527166374a385435586b0a4452662b4b6932746f703855654764457a6c7678586962772b346b34556453745877555a5943446a665072374a757079383862586a384e31653271566d374e50396234613435795069524c320a4f4f617a4a744a516b6c7a7074637a3135704a7538553557625672326b306e6255414731693355347a2b444f4230506f522b66504f54584f36683459306d2f31474857326775644f385157740a7669303854364a6636686f4869335467537749302f77415236614e4331585456595a794f526a4b6e4a3448526a6a676e4a39635936452b2f706a2f36354a70506c7874362b33505050722b760a3665396649595445346a423469574977367665316d726537626d5856364e4a4b576d74374a75326b7671616c4b686a7350504434685876623061764a6457316132367664766c5769545a364a0a344e2f61432b4e58772f5a4c62577275312b4c2f414958742b62693331722b7a76447678466774435841665466456d6c2f7744464c654a6e516b6b6154712b693649344a582f69707a7858320a66384c2f41493966446e34715050706d6a616e636164346d74594263616e3447385351747048692f544c5179454339476d73534e543076446638687a5248316a772b547452664544456b6e380a374d4848717736483135394d343666357a574c71576a36647249746e766266463370302f396f61526651546168613676707436432f7744702b6d366c706e2f4531307256666c47426f7034390a2b5366316a686278657a7a4c6d3647633875613448577a535461393654546939576c6461725464707438716b767a4c5066436e4a38795472354d6c6c6d50646d3475386f79584e4e615176650a4e3148705a4e79636e716d6e2b305a4948552f7a3766352f2f58536b6e35754d394d636a35757566706a412b756659312b626e772b2f6167385a2b4256545276697575702b503841777241300a5545506a7277356f3758666a725456535146762b45303847615470534e346e303530796f317277586f7831344172356e6857534d5365496d2b2b664448696677393478304f79385465464e610a307678446f4f71573633476b36356f642f5a6172704f6f576247543574503147776b5a5a55794f47354162636f596c53612f7048497549386f346c7737784f555933326974473673744e5a4a0a576a4a2b6574724b39393233492f413834794c4e73697276445a6c6770516b725730566e724e6258615769765a326c7530725863756f61443544383350302f32694f4f655031344a394d6e2b0a5a503841344b492f3847333377382f616c2b4f65722f745a66736c6648665876325266326776456d7258766948786a63364a70326f33506762784a346b314c7a4471506936775877337176680a2f77415765452f465774486a784871756936363267363646517965477435596e2b6e4254747a33794d66726d6d3139427a52372f4149502f41432f727565547a52372f677a2b547a396b662f0a41494e372f77426e66396872785634682f62302f344b4b2f744b336e37546e696a3450325637385235745738613275703250777438496638493678314a76475069542f684a395731337862340a383158516c30335068784e61317761427663517965476458646444322f41587763384966457a2f6735672f344b59616a38655069667065766548502b436350374a4f7444542f426e67322b7a0a62576e69372f695a4e714f6e654553674c4d33696a346f6d772f7472346a6177704461443850446f76686345462f44656637457632787632512f68482b334a2b7a743851763261666a5846340a6b6b38446550725779572b6d384b362f71586837584e4c3166544e546b314c773972326e36705953465a6d306256664b3156644a31694c5664415a5959686461484956556a2b5050776e38490a2f77446774642f77623065507646486844396e44345861332b336a2b785034773132393137537442385065437645766956394d76723569503753385161663449585750463377743855686c520a74666c51367a38504e65623534334c6a4e5956456c792b7276746664616150717650652f5a6e54517165303572577530724e3357764e61327264322f773030616250364b662b4331483751480a774c2f5a482f344a59667444365a343573504467302f7833384b372f414f4166776b2b476e6b574d6470726e696678646f567a3459384f61663463306f4d452f73377750706f6278664956550a4a6f756765487a49465149696e356b2f344e6750675a34362b43332f41415368384861683434677672476234302f4658783738615043756c337079624c7762346830377772346238506664420a4b366672635867372b3230474d6e2b306c424c4269612f4b6a34552f38452b762b436c502f42636e39717677502b31562f774146555042477466733666736e2f4141777576503841413337500a4770616234673846367a72326c79796e55423463384e65446458592b4b744b30335835624c54342f694238522f476a4c722b756548696b48684a565552707076397266682f514e45384c36460a70506833773570746a6f32683646706c6a704f693648593236326d6c3664704f6e324a30375472445439505264756e366446484769497543516743757a4b6549702f622f414f3366777638410a352f3557757a4136697246667a6e66384657662b4332506a6e396a3734392b4250324976324c2f3266582f61662f62453865324e6872647834536c693852366c34643849326d6f57467871660a683354783464384d4e46712f6966785272756d57503973747041316a516445305877325638523350695a674a456269662b43592f2f42656e784c2b30702b3062642f734d66743866732b7a660a736d66745a6564653276686a5372697938522b482f442f697a56644f735471762f4350582f687a78775731587778346f6654422f61326841367a7247672b4a556454345a6d5a6f6772614b760a2f64376661395631586c366137374e682f536e6532646e714e72643666665739726457743344633239336158454b334672633278444b56764664534343704f35574a356367466d445938554a0a314c344f35383262554e532b4647435a4c2b393141334f726643384f5a56586572787132702f4445494e306d71536175646638416838374166766668616850687233656e4e4635674f2f702b0a485435766667636e33397a6731304151773345647a48484c46494a5970526c544639577a6b37696365763147633447626c6650386f756667766465645a512b62384a5a382b644371366a63330a5877757577372f38544653643233345a62515a4e654a622f41496f58426b585068465a427076756472634c63516d654e347059705144424e4352696366764d487633423735373541424a414c0a7446464641425252525141555555554146464646414252525251425871785252514155555555414646464641425252586d586a7a78686365483472445350446c764672506a48784c4f326e2b0a4774426c6374624f554d6a582b752b4951704d756d65467441473254784271776a334f5a49504474744b6646477265486f7051444838612b497458763959742f6831344d75664c3852366c430a7431726d76595737745041666831336c5536354a6841762f41416b757242764a384d614b7a426e6c4d6e694a306277356f3276732f5a2b452f44476d65443945302f52644774326a73374b460a55615365557a336c3563534d5a4c375574547652435731445664556b33616e7275714f356c316a576e6c6c6e6d61566e6335336758776a6265454e4b75556c7570395a317a574c31745938550a654a6236425939563852617554744e397143676c6773536950537644326d4d7a44512f44746e6f766879426a46704b495051364143766e6a34352f744f664162396d5851664458696a342b2f0a46727766384b76442f6a44786a6f336744773771336a485662445372545676474776616e4e70326d365a4330736d53575a45523569664b306945724e346764414d694c397066384161532b440a2f77437944384466483337516678313856576e68503464664437544a4e513158554a534c69393147364a6c2f7333515044756e37316b3158784c726570435053644130654e7a4a4a644f674c0a4a437368722b4c6a396d7634516674432f7744427a4c2b3237714837585037547472724867482f676e743841504653364c38505068506261722f6f66695038417338365a71493841615a38720a66326e7165746c394f316e3430654d795146422f34526e777638762f41416a6830336d715631473859726d36585433316c73396450313032656f66562f7744776332663845352f6a3938634e0a4738416674362f4348784a346a2b4e6e674834496148612f384c492f5a7a766233554e553849364e344d58564c44554e532b4b4877373033537457776d6e6133706f5a5069514e46322b49570a30416154346f54784571364b554867583751582f41416352667339654c503841676d4e34432f5a622f59682f5a376c73763268506a5a384b373734486131384266446e6776554c6e774e38430a4c45364133687678475044756d3658705733782f2f62576d66326750687670476970755643504576696f6c74486d384e36702b2f76684c2f41494b346673557a66743936462f7753652b47570a686131346f3172537642397a344f2f34534c77523466384137632b456e672f784a345030556d5834523668593655737a72702b6865464e4f4a385136777638417854756775497643336953530a456e7a712f6e372f414f436e582f42506634736638455a7632765044762f42587a2f676e703448307a557667397076694f2b76666a503841427158544e4f75394a2b47703859732b6d65492f0a374c73554b5070587776384148497631306c4830556f2f67485832516c56384d44773671354e66452f4f7a38745a576231363632383737374c62443235356634562f36564b2f5858345976790a30656a3166682f2f414152352f774343332f3750502f424b54344136582b78782b30722b7a442b305a344e3132627876346c386366456634677a32476e66626262784e34683148544e4d4f660a6831346d625164583076537445307253394f49413176574742445a63673572363331332f414949312f7744424d6e2f67737238532f482f37576e2f42506e2f676f4a34753841582f414976310a3250784e38636642734868725876694266574f75654a4831612f7678715068767831347638432b5076415231356e7651503761625750446d5750384177697841584a2f6f472b41336a542f670a6e372f7757712f5a51384c2f41426e3154344c2f4141312b4d766776785044486f336950776e38556642666837582f466e773138616166596b654a66422b70617271576c53367270586958520a59395541673158524e5651746f6c35705069547733636837684748316e2b7a422b79442b7a682b785a384e6d2b4533374d2f776e384f2f433777574e54764e5a76744f304b42354c335774570a765a556b62553966317a55456b31585762714a55476d5166327671736a4c6f71704572735076624b68336e662f74337a663937717266384144746d4a383466384532662b435750374d5038410a7753392b4747716543766764706d6f6135347738574e5a335878492b4c76696e374e65654f6647317a70346c58544e506d32776f6d6c65476445554161446f4f6c5a6a6859376a4b7a4c47310a6670665669737536753761797470723235753472613067684678506358453332613274375146766d4a7a68654d344a35354133416b56304150615461643447564f634e6e30794f684f656f780a3639635a786b2f6a7a2b332f41503841425776344d2f7364322b6f2b4166425a7366697838637a484b4434537364552f34703377546371387170632b4e39517353375071436e63523450304e0a6a72354f31764542304b7a63612b7635352f384142536e2f41494c58694a66456e77452f5979317365663539336f336a50343732544278386c6c4b3139596643646d504c6f7a663255336a540a6e39347850685a6d4954784f5035666271387574567537725564557537712f7637796539756237554c36344e3365584637714c4f4471476f36686b6e50366b34357943522f4c6e696c3439340a4c49566a736734506363797a506b536e6e6358654f53314f6553664a37726370585369704e4a63733470336b6c622b6750444c775172352f39557a766a4679797a4c4c78634d686c2f457a320a4c3532343661786a65396f74387a39363855316465396674452f745266485039717a787a646550666a623434314c784a65357a70656b43635776687a77356145796b325068337736474f6c610a5a707248353259356373574c4d54313841586b73653347302f695133762f43657634657055483134507031364539386567422f48484a427044744979656e727a36342b762b6678722b4b73310a7a584e6334783073777a6648537a4c4874326370506d625363396278532b46394e64456e716b6a2b774d7479374c386c792b57585a626750374c79314a4a4b4e374a6338394f5870746471390a724a585462754f6f6f6f72787a30416f6f6f6f414b4b4b4b414369696967416f6f6f6f416a584879344f65764f4f76332f7744362f77446b316f6150712b732b47395a30727842346631612f0a3066587443767250574e4a3162537234326d72616272476e6c74533037554e4e3144502f41424b74557867636e726e4a4c41477338597733384a584744312b3857376654502f36364d385a330a386637766f6366352f723172656a5672306137784748577439485a744c337074587465326a5857373175326c6478557059657268336873533757356574746d2f3779306532766c72644839770a502f424a622f677050592f74682f443550686a38544e5569742f32677668397056717571764f787452385250446c6750374f2f345448546f792b7874534f332f4149714c53574a654a3258780a4571424a704858396e46426b6a6b7775552b54614d675a35634e314f527a7a7a7a79414477632f356c3377612b4c586a2f77434133784f384a2f4672345a61396336463478384836705a61760a704e2f464e6b58514a59616c7032704b577871756c3634462f736678486f72486f63636b59722f51622f597a2f617138452f746a2f41487776385a2f434d30566e4e716b4b36583477384f6d0a5235627a776a34793035397570614266674d565674705456595547484f68616a7045685674374776394466424c78512f31317969655435773075494d7355553579615839735166744c3145350a57764a4c6c35317670647432636a2b4650462f77342f314e7a5635746b397063505a704c6d696f364c4a4a336d2f5a796230355a63726166777032693347306566374671765256697633772f0a48516f717656696741706d7765702f542f436e305541465636735555414646464641464d734d45446e50666b64382f7258462b4c2f4258687678356f4e2f3459385936525a61336f7436535a0a724b387456634b79764b62432b73575a3262546452307263766c3670476f6b42475136673133694d5353447a36653333763537663139716a72443255564671377464644c7539336264322b790a2f6c7664377972515433332b62316c2f6c39795857392f79792b4b33776138516642627a39617339517676467677756d6d552f326e664e6a784a34413562502f41416b6d6f454276453368670a6b5a486a466750455767727450696a2b327a7638535677586d2f4a6a47546e676575446e47635948726e50546a4a4e6672746432647465326b3170645178584e7264512b52635738304975620a6165324a6b2b566c497751774f666d794d344f4d674d6679362b5048774a50776b385a36483430384a6170346e7476684c643257725747752b475271476e33586854777a346d3144556644650a6d2b4769792f32502f612b6b2b463255616b5147317a2f6848644438514453426a523148682b763531385266432b68526f592f69446837704350384177684b507574336d6d347070325333350a57334c5665395a612f742f4158695058714c4138506351744e4f566f3534326c4a4a74326931726433646f744c6d6165376c467a6c79464646466667422b396a4f54303555395230376e75650a6553702f7a317839436c385a66446e584c3378623849664578384a6178655470633637346276496637552b486e6a586c3866384143522b4838676a557a7442506a4c512f37473851734d712f0a695457314c6547613251526a613358302f7743424e36653233763841726d6a413558734f6f35376e6a6e4f66312b7464325635706a636d78307377796648724c4d77666b6e7a4a7561745a790a36364e36576173334a796161382f483554674d35777a772b59344c2b314572614a704e726d6d37765872377254566e6f2f6554664d2f7472344e2f74522b467669565062654666464e6933770a302b4b516a557a2b436461767674646c727732734776766835346b614c53394c38643655536859655371654939434f4638552b4774476468752b724566636e59767a36383873506f4f41442b0a494753636b2f6a46712b6b6154726c6a2f5a7572576b56356147623752415a675162613930316d2f7337554e4d31455a4f6d61706f704746316a71434468695361396f2b47503752666a50340a5870486f4878497574622b494867434a6c68742f46336c616871337844384a576159582f414971483741737570654f744b436a63757262502b452b4c6b746a786c4b6650722b6b654466462f0a4c387a58396e38525779764d4c70644772383030373361573637364b37637236792f6e7a697a7777782b5771655963507435726c7937617a6976667661796b357633573179336254537332340a322f546d724663316f50694c517645326932486950773972476d36356f657232536168704f71365666575635704f6f5772482f6a2b734c2b496c5a4641507a4e765a464a4b3579484e6274660a754a2b56425834612f77444254582f67734566324176326f76324c7632582f43507757752f6a6e34382f61503854325a38542b476248586c304858394738423635346b6b384565476d384e420a6d4f6c366a346e317678596c394d67316f6a52597442384f617447374b645650694854763353722b57622f67344a2f344a7166744d2f486678663841732f38412f42513739694b7a766645660a375248374a6b4e6a61532b4272573274727a784c7266686277373478316634692b4774663847576b345a3961316e7758346f314455476c38486c6a4a726d67366b5976447265656b6a7468570a3256756c2b393934322f4a7637724f376c63507a422f344c73614c38582f3841676d742f77575a2f5a7a2f344b7765434c432b38516542506950662b415a6464686d474c542b322f687a6f4e0a68344738622f44445564523636582f776d76777858547834642b5938366c72664f4e487a58364f2f74582f73462f48442f676f522f77414656763841676c352f7755652b41734867782f32560a49504233776d2b4a477266456e524e58303630386336646f33672f55332b4c4f6d61663432302f5a2f616d7148787a2f41476c7076673777364e454f732f3241783167654b446f7047572f480a503971373974502f41494b596638463776427677652f5945304839674362346165492f446e784d384d2b4d50697438514a394c385a57756a614a346c3850574f732b4842346731472f7744450a326a364b767774384d614a706e696655745a38536150384132317248695478434376686677797a465164532f536239756a2f67704a3853762b436658772b2f5a712f34496f2f3841424d36330a757669332b324834642b4858674c3454654b6669445936562f613133344931662b774e4b417366444f6e47513653504865763841327938317a627243723463384265487468644449476654750a5a5731763557383958663030732f763075422f5953326f6166625478575678655730567a4e675151547a675864787933596b4e6b2b677a786a73546e525439356b354f42312f4e73647a36450a2f6d4d354f542f45416e2f4273332b337a3853766874715078782b4e482f42537678392f77324871566f5045304f6c5436393439312f7735706e6954612b7044524e542b4b7a654d2f7743320a663751615147464e59305451663742304f5535564e6267486e312b68582f4274742f7755652b507637586e77692b4f50374f6637565772332f692f3478667373654966442b6966384a2f726b0a787666456e6962776434676b31585459724878707147342f3270346d38506178346476394e6b3172482f45386876644a6b775374644372332b7a626237586d313238722f414458653448394f0a636b666d527a522f4a2b39414766626b44504279547867396a6e676e6d7643646a2f42322b534c7a4a462b456c394f73424242412b463934576642363462774672623370373776414f47507a0a65443546506833336e656662386a2f3856565334744c612b676d744c75336975625736683869654365495846726357784c6a61366e492b59452f65794d37577753413536414c63556b6235450a5a37656e75337553656677363838634d72772f5135626a3458612f5965436456754a5a764132737a70592f443358355a336e6b304f2f3349562b47766942764d425653456466683771725a530a59467643553766384a4966442f7744616e75464146697139574b4b414369696967437656696971394146696f2f77447633556c5636414372464646414252525251415555564366395566786f0a4135547858346c3076776c6f57702b497463755073326c6164443539773458375464536c544a73734e50732f4c4c332b706173342f733648545932446954486c6b7577446358384f764475740a47373172783534787442622b4c2f45384f6e322f396d43356b752f2b4555384d61624a717136423450552b586779526e554a4e59385461756a4d32742b4a4c375531336638497a70586831420a69614a2f78646678693369695a544a3443384436356657586843414576612b4c504756682f61656c3672347942634550706e68387465364e3462526a6b61364e5a38537871775477783467620a36416f414b4b716d543930655058762f415057722b6644342b6638414278702b78422b7a422b327234302f5a412b4e4f672f466e5164503845584e6c7047752f473230384a746565453762780a655a326255394e5068785a6c3857616e345a30614e64722b4d39433058575941344245545167654944504e48762b4441387138516638464f2f422f78752f344b6c66744b2f774442487638410a344b412f7339654866435077472b4a6d6c614834482b41762f4364776d3648784c316867326f57476f3676714c61752b6d485450696b4e523833346336786f67563943385461626f6e6856700a553855504b7a66686c2b33742b78762f414d4646762b4341452f787738652f73446647487876662f414c454837516d6c33766862784c6577516a7842712f77627664667347303354662b456b0a30332b78312f34526678526f672b336152384f666a4c6f765657582f4149536b44785751612f62542f67726e2b794c38416638416773742b7962705037566e3741337859384266464839706a0a396e577850696634592b4c6668543472303756664550692f773370377a36707148776a314d615671593162777834726b314c627266772f6257676d766144346d7a3561442b326e7a39472f380a4558662b43696e68542f67716e2b786e722f77712f6143734e44316a342b2f437a5254384c76326e2f6876346e734c50374e34313058556a71476d366234773144773371437a722f41475a340a3130734e7066694c525a497975682b4a6637596759694f62514e33456c767232746f395864713334666664583062596647332f42764c384a762b436633374b662f42507a78663841743377660a4733775834332b4a65752b484c6e78422b3150385864626e2b79332f414d48767345683148557668434e50314e303158534669314e643738732f7843385166324e346a51367534384e4f62330a2f4250502f6770782b324a2f7756742f622b2b4f316a34412b45486852763841676c686f5868545776687234717450695a34624276395a5a7248565470326f7271546d556170343838624e710a576d6e7842344b634e34613044346559566c62784f683853616e38566674632f3847756e78536b2f6169307a522f324a506976642f447639692f38416144385632552f7836384361763472310a4d66384143704c48772f716a65496c2f7333773632714b76785430736a376366683264584c36396f48694e762b4b6d6b654e313855482b7566396c54396c66344c2f73582f417277502b7a310a384250436472345838416543644f69743446596936315857745762413150785a346b76776f625666464776366b4471327636784b437a54755274434c486a536e744a6472666a6638396679760a5a61423248774e2b412f77632f5a742b47476766422f344666446a5150686a384f66437475596444384a2b4662523753797454656c5a4c2b3764672f3970616a716234416c316656692b74790a3764736b37674c6e334d45455a48542f414f7552332f33542f6e6b6d426a48622f774376396134377842723269654639453158784834693169783850364a6f4e6c64367872657536726532570a6d615470756c574b7466616866367066366778476e36596f512b5935624d6365574c65577253567175576a462f7741756e6653306e35742f6e7139306b68614a6553396537586476647637390a327452766954784a6f50677a514e5538542b4b7458303377373466304778757456316e57745876374c54744830765372494f326f582b7136686679474f7830394658664a4a6e4371446d51440a4c482b4f6e2f6771682f775672316e396f36383176396e2f41505a34314b2f38502f4179796d7539503857654b375a6a626176385732773674702b3473447076674d63416151344c6549422f0a794e4f4144345a484b66384142562f2f41494b6a36352b314e346c315834482f414154317539306e396e2f77317152746457763443494c7a347361785a616d377958312b3549592b467448640a4662514e4949337950356669695863346a476d2f69494f547750777a3966552f374a2f7a312f6a4c786d386171324d2b753848384859315041576a444f38386a4758762b38303655476f2b370a46326970645a4f4d597058584d6631663453654464476a5177584658465743357366645049736866757479315850502b387558524f4e34726c336b3030447635754f6e5070316248346466780a2f7743425650525258386848395242525252514155555555414e55354250307750546c6765652b647566625074514d455950476533586f54332f4148386363344a717575506d494f516364760a516b642f5861662f414b2f552f732f38482f38416769522b306c38652f6748384f506a74384c66694e384b4c69782b4957696a58745038414476694f383851364471326e32663841614f71610a643968476f726f757661582f41476b763242647a4e6856596e6352742b6237486866676669586a43766a3850773967586d6e396d5835725853767a5353535630354a364e33545476477953570a7679764566467551384b6655612f45574f2f7370356f31464c3372377a31756d374a7465382b6c343366764f2f77434e48385054384d2b2f726e386630393655444763386b3479656d6345340a34796532502f726b6d7630492b4b762f4141536b2f774343675077666875727a58503264764666696a53374d6b54582f414d4f6d303734676732674d674e384e4e384d72726d725a34786a2b0a784d386c656f7234473166513959384f33382b6c61356f7571614e716349486e574771324f6f36566432337a4e313037557833323965777a6b45347a6e6d3343504666442b756335486e65570a58737254552b726b7457756e586476793131337976696e687250314a5a4c6e325135725a70536b7264706374306e70645737394e476c72526f71765669766b6a364d4b4b4b4b4143696969670a424d645165516363644d63383938382f7058367a66384567763232626a396c50397044532f435869335654483847766a4c665766686a786a627a58544a616548764572337a522b486648704b0a756e79364c714c48522f454f6479706f4f6f61744b41586a55312b53796d493769427a786b5a546e6e6a6b394d446e3336646149764e56326b6a6b2f6548474233474332655267675a5047660a586b59357236766848696a4738473852345069444c31655757754b73395534747a54545465726c3165334c6f396274664f6355634e3444697a494d7779624d6e5a5a71314a4f31334671556e0a4633656c303753693365375556716f70762f5561745a495a554c78392b2b536338795939514f50356a676b484e734b6d7956565050795a345047474f4f70376a48666a7679545835452f38410a42486a3972386674522f736d36526f766958562f743378502b43517350682f34784538342b3261687049387866423369526c44715a6b316e534c4161572b706b6b763468307a57646f4442670a6631776a786c6c4a34595950486f7a4564382f772f727a6e4666366d5a4c6e47417a334b63466d2b584e53774f5978636f5072727a717a733171394c3962645730354c2f4144637a504c4d620a6b75615a686b325978746a38756e374f61656c3233555361315373306f7931364f4c65715a646f71765669765a4f554b4b4b4b41436969713941466969696967416f6f6f6f414b352f5664490a303358644b3148527459737258564e4b314779764e5031505437364662717976724b2b56303143797655324d6f566c4f4436416a6a4f4b36437139414835496550666837642f427a787366420a736b317a65654664642b325833773531366156726935613030336e552f43576f33705a6d58557642592b5a4e354a312f77322b694f6a76346d30667845375975526a4f6550586e31783966380a2f6a58364b664876345a48347166444c5850446c693174622b49374f4d6139344531536373563058783370786c627739714c464935472f7334333237544e665571444a6f462f7130526b51530a45312b614f67616d757336506136674c6157777544693376744a6d4a2b31364a724f6e73644f38523644714f4f663755305056503752306678483149385261654f75636e2b517646546737440a384e5a713877774d5773767a537961335558716d722b5373303736387a536433632f706277783470725a396c48396e5a673735686c664b302f64392b4e335a725661326472333275335a746d0a33525252583559667151565871785251425a38442b4b6646667771316d3938516644743758794e53764466654a5041327158326f5776684c7848644d542f61562f6b677234583854754658500a692f52744349594166384a554e63326b6a394750685838562f436e7859304a6457384c58457364355a7a665a3966384144326f7131703467384e61776a4d4259612f707a7a4d595a53485a6b0a59376f4e626833613934665a34315356767a622b624f4e3334344862322f7a2b4e5157632b752b487466732f4758672f575a50446e6976544956743762566f6266375a5a366c5a35594851500a45656d352f77434a703457317a4936386a35764533685a744638556e2f684a4b2f574f4166452f48635033792f4f4c5a6e7739614e356170354646546d33473132334663796154646b3239460a4c562f6c4847586876674d346f504d636d2f34544d7854566c4a726c7a327a716136703873746431643263564b363150325442556a67666a6b2b7048516a2f5a492f7a6b6e796c4748726a310a2b626c76666a417a333535366b5638352f42503430615838564e4f764c4c5562502f68482f48476877324b2b4a504441755a4c6d473333757847752b48745156676d712b47395864556b686e0a584478686842723861757a46766f7063474a794f79726a727879516636446e2b704e663152674d666873787730635a67707157446b7063732b586c35724f39306b33705a7437393932376e380a35346a4456734a576e683852467155624a70707070336c354b363933645857396d307275764b6b6b636378676a38795479414950726c68362b77392b6e556b352f68742f344e714c333459650a4f503841676f782f7755762b4b6637524f70366533375934385a335238483250693236734c50784a613666722f77415166696933787162773570326f5a6d625539453158532f442b692b49550a684453614a6f4a696a594346355848397a7a645439422f36464a5838306638417755662f414f446244396d37397554343036702b3056384c666935346c2f5a582b4c336a43384f6f2f456e550a7643766849654e6643486a62575138697234672f34526f2b4d66424465462f4537354a312f5774473131763764515035336834794463336f47522f5156346438662f4433346e66384a746f500a677678373464385433586854567276775a34792f34517678567075703674345538542f32574e522f735855323075345a76446e694e644e314b79315a456c565a454c716468436559667754300a483461663845372f41506732672b4350375350787076384134672b4e2f4539372b3044343773395a38496543764647746142716e786238573348687a515a4234612b475067663550443761760a70326b366e66363972506954786a7257456a5855336b38537a753652462f6d545372503969332f67316b2f5a732b4a557478386276486e375333375258375173576a582b68664362574c37770a2f774348333858613534617374553033537645673846365932734834662b474661383147547844347831765739616c31742f4b384e65474471747a4738512b5366324e662b43644878732f340a4b5366457656762b4375502f4141584638597034552b434f6a57482f41416d5077322b43506a652b6234662b4566384168582b6d742f61576e332f695378314e4e4554774238486445566a730a3053575266455078416264346d3855507431655274523446743536647262704b392f38414431303157757275483944662f42487639765834352f3841425266396d5455506a3738635032634c0a7a34454e632b4e3961736668336532397a71502f41416950784a3841485574542f774345663851654730314e6a716a746f716a2b772f4557744548773972336943794869487772496b6276340a6330333964537079534f632f682f587658384b5037632f2f414158452f61342f617a38522b4a76326550384167694e384e5048576e2f4348396e58513338632f455034322f4462774b3131710a6d702b447641444e7151735044756c6e536d306a774e384d6c54536f6f7870624165492f486f442b47493169526d384c616c2f524c2f7752302f344b6f66442f4150344b642f7331575869670a7a366434642b5076773467306677373866506874444f4775394d38546b4c6a786e3466736e646e2f414f454438634b6a617634654a7964456b66562f44556a6239484c74304b756e7647336e0a667a61376162666974624f355536646c5a3750565072646331394f6c72723553577431722b7333696277316f2f696e5164563850613561432b307656346673392f42357874773645382f4e750a2b556e626e76327947474366502f412f694857724856582b48506a53386536385361585a507147682b4970595937653038652b48507472322f774462555372477972717568753168705069620a54444a356b556c397048694c65594e63304652362f586e2f4149393849743475306d4b4f7a752f3747385136486666322f77434466454d5554732b692b4a4c477a7542702b705067466451300a79524c3639306e5839476c7775742b483951316d304251757a44636b39496f727a623466654d502b457330713762556256644938556148666a772f3477384e2b6334665250456467306859620a54493237537462585a712f687a56397172726e682b2f306955676c676c6568702b3879636e41362f6d324f353943667a47636e4a414a714b7231596f414b4b4b4b41436969713941466969690a6967437656696969674172777a346a617271577033656d2f437677766479324f76654e49377535312f584c4e324e353453384357544664533133637a66385333564e6359726f50686a675a310a322b3150784447706a3050585672305478543472306a77663466316e784c72633757326d614a706c35663330397347757272466b74302f32537951592b33366735694b52366279377a4d45790a636a64786e7771384f617859365a71586a4c786843497648586a6d61303166784c4537724f4e4573674750683377487037494e67307a7756706c352f5a525a4144726669413631346e3267360a7449474150526446306e544e413072544e4330697a69302f533948736254544e5073344f4c5732736242445932466b70485656436a4842494b674e6b344a33614b696c2f31626656502f51700a4b41506a4439752b302f6134767632522f6a5470333744732f6871302f6153756643747a612f44533938565876325779744c78333261686536626658774f6b6a78516d6d72664e34616258380a2b486c3851767072654a48467548492f6c6b2f5a352f344b632f73742f746b367a4a2f7754332f344f4176325776416677382f6153384a33482f4344575878692b493367746643316c7275730a6c583074663754385261626e562f6733346e316f67763841384a686f57764a385064664135665251766c76394b6674332f44662f41494c592f7744425066384161302b4c762f42516a396b720a347061722b32482b7a7638414548564c48784638565032616466302f5572722f4149516e77313466303678307a3744706677383037567778303351394b30306a773934792b474a486955416b0a2b4c504447744b775972596645332f676b622f7763742f4365312b48336a36796b2b4133375a7668335350732b69324e387569616638612f42313961326133392b50412f694a424e706e786c0a2b482f6d5335625270422f626c76435a5a573044772f3468675878445843393336765470752f5064373733313064376d74483470372f43745537666265752b323379633733533138342b4e480a2f42736e34322b4448696e2f414958332f77414569503231506948384250474d4f4c2f52504133697a785a7233396b61686162327631302f54766976345a78712f77445a556a41434c522f470a65683630473533654a6c494a5035446673792f42482f6774312b78762f7741466966684a3855764658374d6e69655034742f4766346932586862346f582f6833536644326c2f417234792b430a39522f73762f6859326f654a50476e67636638414376644c42307654645138592f7742736e5069482f684964504869592b4754347148503342384c5032702f2b436e2f2f414162702f4644770a352b7a742b3264345638522f74562f734965493963486837345966464477346452315338304f307669773033542f687a3469314e6c2f7376564355502f466d6647764247662b4558385445460a6a583978486850584950457668665150455672706d71365a4272326c574f72516158726c692b6d613570397471466a48664c5a616c707033485439525258486e365958596f564963384d52740a3742667a662b532f2f6266307264626a5661612f6c666d302f77424a4c66662f41434f6e68387834342f4e2f6453342f456a4c39736a327744324a373773767037645439422f36464a534e4a0a7766543954793376302f6c3638383942695a4c7a785731724e504d38634d4d45586e545379746b51444c664d5354674435647879656e63354666783366384668502b436f7433386466454f720a2f73302f732f3841694b377450684a3457763732772b49486a445335347a2f77737a5762452f4e70656c7570796643326a5349306a6c69332f43514d5341776a43626672722f67745a2f77550a7558776c706d746673612f4176784955385761726270622f41427a385a614c714435384f614c6646326a2b47656e337469513065736135685738544c6a63756759384d75576257504552307a0a2b55445a7550796e6e2f384158366e2f4147542f414a362f794634372b4c7277717a44676a686a467454737637657a714d755a5264362f4e6b6b4847484d7054555637572b7476646a6f716a0a66394e65434868624847782f3178346732696f2f367672336447756132664e633175574e6e794c564a75396d34786b4f6f7178525838574839624256657246464142525252514155555555410a5663726a643239656658482b66386d763943662f41494a66575457762f425054396c474677503333773073372f4f5430314c58745731506e4a422f356666586f51636b46732f774c2f4450340a6665495069723852664248777938493266326e784434383855364e3450304f456b6766612f45476f6e54644f4a7965422f774154446e2f67504a4f5350394b5434586542744a2b46767732380a426644505179306d6b2b412f4358687a77687072532f3636357366442b6c324f6d523362457675427842766359346b6334494746503969665258792f454c456358353470587761686b6553710a3773707a6a4b62756b393758546652536c6f6c65562f35542b6b6a6d6d476134577952722f62334635354f7975755754715173326e6f35536c756d31626d36786150525653504473546e37760a38514866482f313638442b4c76374d763750767839307566532f6a48384866416e7841535656483276784a3459302b373165313345452f326234675944574e4b78304a306e566f6d47386a640a6a672f5141626143414f54314f66512b6848702f6b6d6f6a74494a7a67414c6b34504f586b4854742f6e7231722b777175476f31734f36465a526c4779587a546d72713776716c74653937360a74336376356270316174503937516b30306b315a754f7a6e6256506658547337576432667a5a2f744d663841427658384e504538576f65497632575069487150773431516e7a346641766a380a336e6972776c4c792f77446f4e68346a334878567061384c6b61773275484c597a38754b2f6e4a2f614e2f59352f61502f5a4f385153614638622f68707250683231382f37507066697533500a39712b4239612b2f6a2b7a2f41424670696a5373344234502f46526a507a44497a582b6a2b45324b5642434b65334c486773652b652f50582b4c767477655238592b436643487846384d36720a34503841485068725176462f6866584c59323272654850452b6b326572614e71466f53347871476d616a47556c4844634d43564955343341312b4863582b4166426e453850724f58344f50440a4f594c6c39374a6f52555a6179536c4f44696f6137614a5753756e5a48363977663433635a384e4a34664d4a52346f792b79556f5a36334e3775317063366c7447556d704a747973755a63730a75622f4d4a424f58373432344854726e506232485831396a56672b777a3137342f72332f414539362f71682f62742f34494f6152663232722f4537396936354769616f6e3237554c373449360a33664b4e4876323353465976683934693145794453484373692f325272546c48594d783854526b6f6a6679542f464434672b4466676e7266694877743854646474664476696677337174356f0a2b756546707a397138523664724f6e61692b6d366a59616c70756c6e672b2b546b62754d6a4e66794a784c344f636438505a7173444c4a586d6a61693454794e536b707075583931746152760a617a615462615469302f366d346138557543754a63716c6a7637655756536a626d703538317a712f50797470532b30727474536161623162677a74736e646a642b6e543965394b4d746e42770a42304f4f764a48516e49787450312f552f422f6950397562777a464d38486848776a716d715243646639503132344f6b32683549502f457479783763635a366a4949352b344e4f75344e52300a36783143336c387933314f7873745168754d663875562b5363347a3659344875636b383134764650687a78587764674d446d504547426c6c697a4a754d62336632354c5a4f39356458657a6c0a5a4a336a4b5237584458486e44664664664d4d4e77396a6c6d7638415a625674303935583657636265717479707558776d6c52525258774e48722f685239664c345836722f7742794832762f0a414d4575662b436c6e77502f414749503271644e38532f45333475614434662b46766a4f777676413378557a507157712f77426d576d4d616434684868375357317256776445315054644f4a0a59614943504470316b67676b6d76366a4a5038416734782f3449755735614b583974585269654d724438497632686267666550566b2b454a506f5267486e4e663559487868744773666978380a527263782f5a4e336a48784c6365516348374e743146676666307a2b48553549383242364d65547a6e33775350546a736638636d7639565044726848446349634c59484b6376782f397135660a6479357664766554664e4b366a4261757a646b6d6c70655633492f7a613437346972385663535a6c6d474a7748396d5a684a704f4b6a7066336b7272356174747579572b72663841725a61480a2f7741484250384177527738527a5232756e66747765424c53616247503763384a2f452f514d2f4d324d6e5750422b6b6e36486b2f65354f446e37372f5a7a2f414777763258503276394c380a5336312b7a4c386376416678703037776a636152702f69792b384461737571706f6c3971626171644e733953554446672b714a70656f6555487732785879647744562f6972312f6f726638410a426e66344e74394c2f59552f61543862665a2f4c7566475037535930773368344633592b442f414868542b7a79654f53757065497454494754393441354a4a503352387566313555555555410a4646667a7a6638414262442f41494c615876384177535738572f73322b46764333777138502f462f5750693346347a38522b4e50445772362f714767336d69654176447a365a70326d3668340a633148546e6262716d74616e656169753356744531654d47796b4b6f43465965572f7371663848552f774477545038416a752b6e3650384146325834672f73732b4a376f5764764f767848300a452b49504178752f6d422f737a787234486d3176476e632f4b2b74364a6f324153434353576f412f70726f72797234542f4766345366485477665a654f2f677a385376423378513849616c670a574869587750346c3037784270463179337a432f307953514c327a6e4a4f557a6b63483143507133302f38415a714149547543372f7741414f5037784858502b79547a2f4144362f4f5878520a2f6151384366433356543459754c4c78483479385a47337372323438482b443748543772574c4777765a5a4654556456314c56646130547774345a566f2f6d6958583965306c74615a322f340a523454792b634b2b69475a57424a36454431374d33746e762f7744584f612f487a78786f477266444c346a2b4c394338624e4c4271666a547831347838542b4650456436682b782b4e374c580a39533150784a70326d6162714a417871666772535259614e346830664833624258556e776f51782b443436346a7a62687249355a6a6b2b58724d6e644a3965564e7a57746d744a57543733610a5475306d665438475a44674f4963375741782b592f77426e513555303076656b3774726c7670716f7962765a37326b7556742f5564722b327a704b7a4d75716642443474574e6e685162367a0a75506866717277444468764d302f546669544a71557534675947697861766746766d4a424e65742b4466326f6667583433767266534e4c386457326a3631654d49624c517647326a2b492f410a57733364797064516d6d366234313066515831666a6e2f695565626e6b454d51612f4a71792b466c743467743231723468616a724f71654b4c756358452f38415a58697a786870566e3461770a58482f43502b472f374d316e51382f324b5038416d4e66386a447234787a6b5a3032455764376f666962526668377274372f777348776e347773645a6e68742f466476703272654974452f340a523436622f614a314c55732f38565234582f346d476e61522f774154722f696f762b4569314852636e577637592f346c3334316766476e504b6456787a48425a486d563771394f54684a63710a657a6a4e72756b32704a4a36335450316248654557552b776c4c44356a4c4c553436383776486d764a4a363365746c744a7136613075326676624538625274496e377854742b624a483852410a2f5048487030795343542b582f7741657642482f414172583475584f71576c737965452f693164583272324a692b57313033346c616259755045576e34324a686647756d4d336935434d6b360a2f70336a4679375a4c6e7a6a776e712f6a7634625347583457654e3954384c323049473377667171332f69723464584979774f6e2f7744434e366e72515068666f422f78526575614e3162670a62736e3244784638652f4476785438426170384f666a726f422b47313764745a54364c38547445757834672b48656c2b4a4c432f66556644666949616b326457384e734e5630784649317a520a3138502b5758384e6e7851386d724b6a6658596a697a6850784879484d4d6c2b75724b73656c486c57657051576a6b6e744b3172744e615776654b626c464e2f4c5954687669766744504d480a6e54774839715a656e764258556c643276467876303572704f7a6a666d536b7a79664359336476586e3178362f7743663170774141774f6e2f7742632b705071667a726e6644757353367a700a2f77447070745939553036662b7a396368735a76744e7061367a6e2f414a68326f455a3154533964474e59384f3677656464385061686f7669624765543047414f6579353966556a314a376e0a382f78722b5a3852686352684b37772b4964397270323056353232576a5376652f716c5a3350364f776461686a4b4874384f3778743053327530746c716e61796656394c706a714b4b4b794e0a676f6f6f6f417a6a2f61576e36687065763644716375682b4a64426e46786f6575776b6a374c387a66326859616a7032374f70365a725a436e78466f79346258537146534747542b683377540a2b4e656e664658544c6a527459746f394538656146464550455068347a764a426332706d4254784434644b6b767150686e567a686f5a2b52472b2f51357958523362344377426e33786e33780a30372f3539367a6c4f70366671476e612f77434839566c3050784e6f55343144524e62684750733433482b306450314c54383531505339627744346a305945484f4354783833364a346565490a56666858485044596e2f6b6e744e6437586e4a4e7875374a33586d6d75564e7078302f504f4f4f427148456d48654b77762f4979535772576b6f7031456b33625258744b796261636b3438720a6a6158374c6a4a5049787836357a38333070575145456273394d41676a7532657839516565653251526d76422f676c38574e492b4b2f6865572b386950532f452b68547270336a58777a39700a653562513963566d64444764332f4577307257517261746f47724a6e7a6f70504b6b502f41416b454f7657773931444567394d38593638386e506630556e722b5a362f312f673856517865480a2b735964717974716b744c387a75724e394f767271375450356272307132457279773964576b6e5a70717a54584e65363762576571643230326d7050384b503278503841676c742b77506f500a3755766a332f6772702b3078705878432b4a4e74384876686750452f69583455584668726e784c38483357732b43724b5264503858324867705531665664556c306a5374782f3451794a662b0a4561523933695267716a7842762f6e735834682f7432663848513378363854664454774234682f345a582f344a342f42665864462f7743457330717831625439583165354c4f78385050346d0a384f365a724f6a4878373439317a545831467441306c7366447a77462f5a7a757a4878554a447158393831316157742f6258566e655738567a61585549676e676e682b3057747862457941710a7959776367357753634537686b6b4e58384d6637645037505078692f344e3566323864432f7743436b4837474768332b702f735866476278485a2b46766a6c38473950622f696e50435a31370a5554714f71654162375478732f73335374596654527176775a317272346638414568627773365a494f7036317673373239363976574b582f414150506d3136694d663841344a712f472f78310a2f774145422f322b2f69482f414d457a6632314c505234503266666a3134747364632b45333751513054547449306d3576745156744c384f654c7454314d716476674c7841677374443854610a527257736c2f414776324a654d72346148694a782b73576b6638455366485077452f344b3765437632392f324a666a4e346638416758384166474d586962784e2b3052384c376254546557650a7058756f626a346938492b48664471722f592b70654666696f4e5147737137754234423851366566456e686645763841776a71483947766a7a612f38453666326c5032652f67502b33462b320a46344c3844772f4376345636526f2f7837384165492f6a7a34666b304f3938456e78423466476f4c5a616e6f47706b616c714770767473642f67634c713538526549374853476938506177380a57674d2f3865662f414156742f774343392f37532f7743324e384f76694e344e2f596538502b4d7667332b7854346231327a38412b4d766a6e35462f6f486a6e3474363171626130644f38480a6a5556316b44777434573172544e5031445742344e305548784766446f4c654c432f686e6634644f4b35634f3375354b33617a2b4c384776567258655356746c37617333613874646430722b0a38746432374b4d6635704a507132322f394176346566452f34652f46765272337844384d2f4848686678356f4f6e36357250686a55646438483635702f6948527262784c34653143545450450a57674855744e64342f77433074463141464a423133454e67416871394a722b62372f6732622f5a4338542f736c663841424e79312b492f784b3154574c485876326e50456f2b4f482f434f610a786643313058776c38507a6f4f6b3656344d766a706d50374d30335674653072547a3477312f566c475a4e42314452596d6b4336535366364b645031437a316577744e53302b2b74623354370a2b335335733736786d46316258567066466a5a586c6c664b5370563439763343562b5a536f3268433363596e6b587842303237384c3672612f466a7737623346302b6b514c592b50744273770a4e2f6958774a484c49783148425541367434474b3375746144745864712b6a66323734584473327371773964307a55374856744e7374553032377472367931437a73722b787649414462584e0a706641535746346d536372496d316c414f376e71434d44546150664759795232796566562f663377506f65707a586766687854384d5047636677386e2f7743524d3859546172715077336e590a4a396e305056795831507848384e417534626450594a7158692f7779372f4b6d67727266686f4959394738504b514436426f71474f54673977507a484c593739502f69757679387a554146460a464641425252525141555556586f4173564366395566787161764f2f6948347854774a344f3133784c396c6c316136736f593766517444686d4674656135346b763951585466446d67324f530a704d6d7436746532576b4932634b5a413231674d4541345457393378462b4a746834546a597a654566686a66614c346f38594c6b6864513866466a7166773830414d7a6854486f51552b4e500a45414f586a31372f414956734953305465496c4876506c526576384134392f3965764f666870344f6c3847654534744a3143382f745057376d35764e6138556136495073333976654d5045460a3864533852616e744446764c2f744e70497644364e7a6f6668396448384e714e756b7258706c41454c53523838394f2f746c752f3137483150512f4d663575662b432f5868663841344c47530a2b4550686c38552f2b4362766a37784a6f3377372b462b6c3631713378573845664237553951732f6a70346c31612f65597836372f774149344e4a632b5066436d6761565962592f423269750a66454c2b494e5261575077317263624754542f336f2b4f48684c3468654f76672f774445767762384a6648305877762b497669587764346c30487754385235394248694b7a38452b493952300a2b34302f5466454a3850663276704131542b7870575231547a5550415a5a44735a472f6a47384c2f414c652f2f425a502f67684c346c307634566638464476687234682f612b2f5a4a612b580a53664466787a306a563954317a57644e7374785a662b45642b4b78306863366d54483833676a347067362b344c522b472f45576a7158513839626f756e76582b584a62722f56326d336137440a383950324876384167715a2f7758352f61513864366a38492f67352b32583850664566784f3065644e507350684438663762396e7a777034353853586f4a2f744377384e6a787a34523054560a764647716a676a527637632f345349636765476a68694f492f62502f414f4364582f42637634352f4653772b50666a722f676e70596546766a467075712f3278717678572f5a6430727764340a663852654c745a47704e714f6e65494e533033775038523964306e2f414953676171663759506a505264453062784343564753546b2f304e66466a396a722f676b7a2f7763456541377a396f0a33396a6234736158384776327274486774646175504733677a547a34642b493268654a4e38683074666a58384a663758305856645549314f776a413861364d363639675376346238556175510a6974762f4150424e62396f662f6773722b7a482b317834462f774343626637663377533137396f4c774472746a346d2f3456722b324870562b62693230507762344f3079532b2f34534478460a34332f7359365a34333033625957576a66325434772f7354346b44784471576a7275317453796e446c65756a2b353636767a374b2f77413074576d6265326e326a397a382f7743392f5633710a39622f51662f42433778642f77552b2b4d2f77432b4958676e2f67716a384737714853506874346b384c3652384b64652b4f48773976764433786e38625866683436667172366a346c384f610a726f2f396b654a394b38463764412f345233346d456a7844346738526e5763796175644738306630505239572b6e2f733152322f562f6f502f51704b733132302f682f722b616f59572f4e660a67376d6249454155754e796748484a476373515478794f6363483879435458354d2f384142566a2f41494b46575037456677676c3850654337713275666a3738533747357450687a594754540a377638413452573055765a582f7741512f45656e3668496f4f6c614d547438507873422f6276694a4444746532306e7843612b387632692f6a7634412f5a6e2b43336a7234322f455455445a0a2b472f42476c7666724173753236316e564e7a72706d6736646b4d4471577436675630794647795338696c67497754582b655a2b306e2b30503851663270506a5434312b4e767849764a4c6a0a586646656f4d62477757554c5a2b4850446469386a2b482f41416c703442502f41424c4e4730316d646d7a6b7378596e635861767854786c3853346343634e50443565302b497332556f5a490a6d3474306f4b632b664f6d6f366675326d6f715473366a316b306a3956384a50447a2f5866505a567377757367797a6b6c5761356b35765638697572586c61386e643268705a33556e3476710a47706168724770616c724773616c64617071757058313571462f66333033327537314f383141762f41476a714770616a6e48516a31357a6e4a484e546a39356b342f31664f503841662f6e7a0a2f6b305a344a33384447666c39546766352f3841313044475037786271656d6470664848307a2f584a4e6635783161746172572b73596937626175374e4a704e76716c7662763353615362660a3938304b57487059655747777a76665a585858326937743230583658664d3553555555566757464646464144564a594874364872334936592f77426b6a6e2f3635525632354f376a767836450a6a317a36662f5879545561534941664c667a73593738645778317a366576636a4842715867376c37444834355036666e2b5662566165496f31333766545856336a5a704e364c6d743332656d0a7173326d7235304b73712f4e3957743065756a316331653664377132313761745773786533586e3178372b6e302f7a6d6b41365a4f635a376465767678322f79545447336247494f50396e410a5038574f7676312f537655766770384950485037515078553847664276346261584c72486976787472646e6f2b6c77776b41576f4159366c714f70354750374b3054537a71477465497965670a3030484a356175374c637678325a34374235666c393534374d6d6b6f7133766330703231356271366a4a744c6474704f3932636d4f78654879334135686d4f59365a666c656a753972536b6c0a64747137573754623354756b326a3976502b434176374b4d2f774151506a56346a2f616b38556159372b4550684844652b4876426b317843507375702f456e5837416c74535145676e2b77760a432b6f446f666c4f71614b375a3546663248786747484937597831396365766672376539664e6e374b66374f66676a396c4434462b412f676a344868684e6a3458307446314c5666492b7a580a586950784e644e4a4c34693851583659596564724f705a6d4f56336254456f336256592f5455577a4777483648423435636e672b754431506632722f414535384f7545734e775877706c2b520a52354a565646504f4a4a333573366b34653161612b7a384b6a5a7458554a5873326e2f6e50787a785258347834707a4c4f35755335353873497976384b6337627539333858527053635864770a636e5a6f7176566976304d2b574b39664c6e37592f7741595069582b7a312b79313864506a68384a2f6866622f47547876384c664147732b4f744c2b48452b75582f68306549374c777a41640a5538515278366a59614e72544855494e4d687674566930714f414e7233324d614648496b73706d483158576663323174665730316e647778584e726451474761336d682b3057317a624573430a48584242334b663469523930344a586351442f4a612f62682f774343372f38417755672f62736c317651764733786b3144345666437a556a65572f2f41417076344f6e55664258684c3747570a6b49302f784871576d5348785a346f414a4f42725775594734414141632f6a59306b6b6a7a79535347575762482b6b584763645430415030774d354f54314b345037426638467850324570500a32412f2b436958786a2b48576a61584a592f4333346b337435385966673251443969742f41506a44556459314536437551704b2b434e56476f2b443150494b324f6873435163742b507447480a2f7743586e2f626e2f7552642f7743753939546e476e425538384876672f3376544f612f614c396d5878535046487754384733456b336e58576c516638492f666b352b622b7a6d59616231480a482f4572476e394f2f5867456e3858506c7874362b33505050722b76366539666133374c66783738482f432f773534773058787465333856724c6532577361444259574a75377936764d75640a53347950585475704f6339612f47764862673348385963427644354e677637537a4c4b38395369303774336e4a4e5862627479766d303375316472552f57664258696a41384b385a66574d780a7836797a4c737a6b7439644533647432394c76626474706e366d676f792f6334394e782f764e2f38546e386364717245354f42786e7033786a366a6e4e66425776667432614462435a5043330a67445539526c2f3564726e584e57302f53632f65422f346c756c6e5863454448427a7957776339664b4e542f4147332f41496e33456b7730725176432b6d785466386535386a554c6e374e790a3372724f4f782f38654f4363627635537933364f33696c6d696466455a665479704a4b7a7a7a4f36555739616d306f5175395664705076647474702f30726a76486e773077664e68336d48390a707256365a4339375361746554746f33643333356b374b537635662b30355a745a664866346778797865555a72367831414b43662b5968346630375575754d4850584250513963344e6545670a344a4c636633652f2b39304866332f43756e3861654e2f455078473852586e696e785264785857735863466c627a7a77322b6e32762f49503039394d30376e727a3648504a36634775587a670a6764534d35375a362f77443176386b312f6638416b4746725a566b57535a626d542f34557371794849456d74724a7532736b374c74315363755a4c572f7744454763596d686d57655a686d470a48626558356e6e79313031744b6157764e62533870586232756b326c496a722f414645502b44574877645034582f344a43664466574c6d315733506a7234716647547856627a6e482b6b57660a2f435a66384930726465502b5261414763386a676e356a582b58505837552f73656638414266502f41494b572f7350664348774638412f677638522f41637677652b473976724e74345538440a654d666850385074567337622f684950455772654a64522f3471502b796442385761702f784e4e523145383633365a7a6b4565765070387a6b702f622b522f72543158722f504e2b455038410a77654b2f746365486d73726234312f7373664248346c32735577462f6365446466385a664450574c6b664e2f79445471556e6a6e53383953442f596d52754a7a6e63442b735877522f7743440a7658396772787a5a2f5a766a583848506a62384564592b78416e3744622b482f41496c2b485464674d4e6f314c5335744331584f546e5039686b59786c53774c6e4d3050356b662b446d62390a6f776648372f67724a38587644746a714832377735384150446e673334483653504f46315a3274373466734a66456e6a5162633866385650346b38515a48582f41496c2f4a4f34562f5037580a706678702b4b47752f472f347966465834782b4b5a504e3133346e65502f47586a6e566a782f782b654966455772366a366a722f41476a366e42787a31727979756861614c2b7258382f4e2f0a66757a6e50642f674c2b307a2b304e2b7933347974764833374f2f786b3865664358785a442f7a467641336958554e4b2b3038742f6f477061646b6156716d6c2f4b762f4143477a6a7033360a2f774231502f42416e2f67764c2b32762b33663865744d2f5a442b5076776e384f2f464353783847613334783137396f6677796f38476178345330627738756d4c2f61507847384e615a6f7a0a2b46645562577453314f77305a546f5130566a3467314c592b344b46722f5066722f54412f77434457763841594258396d443969436239706a78316f67745069702b31706357486969784e370a6269327664442b43476e4644384f744d77796e6e5874514770654d534d6c7848716d6a4d70474e315956722b375a2f7a666e464c627a5464745772393277503668504c392f7742502f72317a0a586966776834613861364871506872786434663076784a6f657071494c335364633036783154534c6e37342b657731457572594f634c6a504a326b675a50593056484a48742b4c2f414d7a6f0a50674478682b787a66365330743938462f47456d6e526b4c75384465505a6451313377697a44662f414d677278415a4838562b467a38724861483176772f6a436a77307844452f48657065480a722f77583851444c38546644757165447647743370532b46744547717a2f612f43562f5a74714231545542384f7645576d2f3841457231493635715230356d512f774446534161666f7638410a776c58686a5253506d2f62554b4e72664e7549787a676a2b4c48545063666c3965613576784a3455384e654d394676764476693352744e3852364c7155506b58326c61705a433573377051580a34645856754f4479506d484a444168732f6c664576686677376e536c58774b6a6c655054546a4f4c736e7250374c656c6c3731373956727a58622b3734663841456250636d2f326645532f740a504c374b385a74586972314c744f376433765a70715672585439352f6b2b4d444142344f654d486e6c765535486638412b765554487a53514d6e474d397363747a333667394d3863397961390a612b4b6637503841723377736975504533675758576646587739444e4c7166686d36542b306647486769315576757650446d6f466d31547854346247446a5274586c6b3133526c42754c65540a5849636547363867744c75323143317472327a755972713276494c47346875494c6a37585a33566d432b4f2b42334870376b6e6a2b5a2b4a75474d313456787a77475061657a557258556f740a757a55724c5379303676563772582b6965474f4b6370346d7744784758364e53536c46765666465a53744a712b756a64334a3373326d3065432b4a76433978384c6645302f77415766414f6b0a3355756b336c754c66347265426444673143372f414c613059462f374f38582b472f446d4d6e78546f683144474d6b36393464314857736e577646576a6547732b32365271756c61376f326e0a36376f656f577571614c71396a5a3668706572615650384161375055724c554750396d332b6d3669426e2b7979635a392b70494a4e624148424463394f656d6553547744786a6a2f414354580a7a2f71576c654976673771743134683849365a662b492f6872715677626a78483850384153626358657366442b382f346d7570366c34762b48476e592f77434a72705a2f356d50775a3966450a2f685935482f434e616e34384b7631792f77425a2f7743526875745531764a582b4a36624f36737457727438392f56564c366d6d734f317174336f6e7133746432613075374b326a744c336b0a665149366338483036397a2f41454150343436673059474d64763841362f31726d2f436669337772343730573138512b444e65307678486f31356a3750663656636661375067742f784c39530a424f644c31545042305538386a4249335a3654493548706a5034394b355a5534304979615672577574336538307457322f50703154656a5a314c6c725265366357757a61767a7276666c39320a4f2b72737574324646464642714646464641426f586948784a34413857615838516643415762574e4e69466a716d686d5a62617a38572b4841572b332b45745144413747556a2b32664457740a646441385234502f41434b7573654a6637542f554834652b4f2f446e7849384a61583478384d586e3272544e57675551704f57743733547269796d654c554e4e314b77556f2b6e6176704f700a42394b317a53576b335254326271784944412f6c36434d446e4a50513478304c64766f5030376b383944384e76696a4a38437647452f694f386c6b543462654b4c327a742f695262454437460a346575386e544e4f2b4a576e6b6a706f332f4576306a3469345048682f62346e59736d6a4f6a66733368567832736e722f7743722b63714b774f5a2f77354e57555a726e5462765a38736b370a4e5876756d334a483439346d3847724d73504c69504c76657832697151577650464f64356161387953756b7434365762737a39614b355878543454384c2b4f4e4775664433693377396f33690a585172756130754c2f517645576c616671756b3352302f5555314c546e76744e314d465a4669314f7973745755535273706c73493867734d6e706f4a4937694e4a4933696b696c48356a4c350a774d6e3047527831584f63455663722b716a2b65442b5548396f332f414949396674362f38464e50322f3841787a716637666e783130765250324350672f347a73722f344766432f345361690a2b6d4834672b474c3678303755724f776251437370384c6173696874462b496e6a547841645938514e346d2f7461443459534a3457594f6678312f344b5a2b4d76324f2f696e2f7755622b410a502f424f2f516456384566732b2f3841424f622f41494a79323933715878732f73715a7250534c727850702f396d616a38567244545630396a712f6a6e78337266396c2b482f6739346358470a73654939652b496570613043537973572f76342b4b4e723851626e34592f4571322b467435704e6838536276774e347a672b484e377251642f4439683437625174584867792b31644e7552700a63657353574461325633457769515271515a436634532f2b4364502f4141625366474434732f457678742b30682f7756613153372b482f6744522f47506a447842723377336d313066384a7a0a385774597350455771616a346a3859654e7647326e617542345938423631716e397061303273426a346b3137773451514e474a486957754678617632373639337672355831377256744d326f0a31665a33547662533357327372365832613557375864396b3363397238566648722f676f522f776351654c3776396e50396958772f7258374866384177544f38495432486858787a385664630a3039744c7666472f686a5435447058396736696d6c655964553149615a4b6e39672f423777567259384f4b6733654c2f414253493055312f586e2b79482b7a68345a2f592f774432612f68480a2b7a5234533857654d764748683334522b48423457306e784a385174562f746e786471566f7571366e715737554e52517373656e5279616955384f6152782f59506838614c346444736b53310a2f4c4a386466384167765672566a3473306a2f676e372f7751622f5a4a303734725465434c5a50422b692b4f764450676e5564542b48656e57756d756c686e3463664433534244706d7165460a743061352b4a506a5057342f444d6975346b684b6b65496835523856503274502b44706a2f676e72345174763274503271744c2b486e78572b42656d582b6a334878483843773644384464560a7466434f6a582b706a4a385344345161506f5069337775416361542f4147316f6d75617a3464304866453369676b6253534c35623776627131747a572b5772756e3063646e7a4471555856620a325637614e7537643574765250585858732b72756d66334956772f6a37776662654f5043326f6548354c715854627156724c554e45317933432f6250443369545462332b30664432753252490a495762527456734e506d5256413342517275716c6d7235352f59562f61362b4833376558374b66776c2f616b2b477355746a6f58784830515436686f567a4d74316565466645326e5838756d0a2b4d76434f6f486c524c6f65723664653657534d6a494a5656723741624744482b507565546a39536658723372754d447a6634592b4c376a785a3464456d7332304f6d2b4c4e4376727277390a343330534669783062784a707859582b316e6c6b59365a724d5973746130416b376e3850366a6f7a6a377a45656e56382b654d34322b48766a7654666956467568384f2b49313058775238520a34315a4c5731745364536c547756342b5946434d614a71756f4e345138516b714133683378427048694f625834342f426f696633315038415648384b414a714b4b4b4143713946506271666f0a502f51704b414a614b4b4b4149412b7748505050547631596576742f506f5458686c3143766a7a3478574f6c41744e34612b4434587842713746743172642f45765839504b2b4739504a59480a3576426e68652f3144575841437130766958776849414a4e496432394438622b4b6244775034573851654c4e54575361783850615a6358383976416a58463771425553725a366470364b682f0a346d4773332f6c3658436842447953664d5541567867664358777071486854775a597034676c686d385736356333336966787a63572b446133506a485833476f366f71484148396d614977470a682b48384835664439686f796c73727541423674554c6636732b586a746a2f76707658746a623137644f395455554166796466384644502b436e762f414156712f7743435a6e3761586a72340a70664554396c375266697a2f414d45343963754e46306a77645034544975727a51394a7331617962784271666a62533247702b422f486d76366d346439483861364b2f6871523230627731340a5a5a6d502f4353312b75763748482f42534c2f676e2f384138465776686671326866445478623452385a5847726147495069542b7a763841466e5172442f684c744e734c344d6452303778460a34493853704c7066696e533932414e5730503841746e77385157784a6e35442b6c4774614670486950537452305058394d734e5a306656724b37302f566449316579733953306a55724339440a726532577057462f475972375432566c33784d75795247614d677275577635692f774275502f6732622b4266784f38582f7744432b2f3841676e35385274522f596e2b50656d3333397661560a596547726e55625034533357755a596a554e4d547733482f414d4a58384c74554e2b524d32712b437047304a4641582f41495268794e78344e72395638376236765237506f2f7a594835582f0a415042636a39676634626638456366694e38422f2b4368662f424f7a346b61372b7a7a347638532f467938385058337763306e5874512f3452773367734a66456d6f616a34493034686638410a6967694e4e545350694a344e31763841746e773652714f694d474b737668327637676632642f486d742f4676344266425034712b4a4e4647676549666954384a66686c38516465304d68542f0a41474a72586a48776470586954556443366b673650714f6f5352626d4a50796759786e5038692f774c2f344e362f3841676f662b30522b3033384c6669763841384665503275374434362f440a48344a58396c4e346138473250784b2b49506a337842347574644f3148544e544f6746764648677a51394a384c65466461314c54724a76457a4c7538526136466359615566384a45663751370a4b307464507459724f7a743462613074595242623238454a74726133746c4c2f41436f4d593443676e61657553514357617438502f774176502b33502f636e2f41415076587a4363787145550a4b654275357765666d505974376e763371744b5930795431376a6b65754f673767644f35794d35427a4b656d334f646f363439574a396659487631366e427238645038416773662b323466320a5666326237767744344b316e3742385a666a6859367a345a384b74424f567576447668416b616634793858716a4d32645354533738364e34624a59474c7844714365496c4c2f324a4a6a7a630a347a62415a4c6c57507a6a4d6e6241355a46546b3736364e71576a64742b564c644e4e587471333035586c6d4f7a6e4e4d486c6d58523573646d4d6f7767726457326b37646c626d626530620a76577a622f42542f41494c4c66742b792f745266475762344966446256743377512b44657558746b6b746c63377258782f7744454674326d366e34744c37695470656734763946384e6a4a410a556176346a552b56713061562b4a34424f3953656d336e4871636e76553433733753536e7a544d426b34497a67746a766a67486e4871657078536f6e44413835787839433366502b7a6e38630a63347a582b5833485847474f3433346a78326659354a5735497855556b6f70506c6a474b30746179532f753275326b372f77436a504266433241344d3459775753345a7433744b38725065550a3779306131625736746633564674786b78394646466646483177555556586f416d4a47473535474d6e48544a4f4f4f2b51702f726b396336376b6b6a6a6874375959753733503263386e75340a2f74416a504f51507734354c664e55733135477378746f31382b36414149336638656f4c502f794565652b3048487565414b626132307475686b6b6b3832366d346e6e774f6676646a2f7a430a2b4163665545676b452b33683644776438666a31642b375a5754616c644b4c736c76317539552b5a4b393233356c537237542f5a384f725732313157727672713962757932746537305361770a70446232385543632b546e416e4a48636a7431365a2f726b456d55633767526a474d3839636e3666316f787535552b764f50636a756638415a5038416e6b79323854334d715731716b7373730a3177747642444150394d507a50324a4937634430775351613835653278315a373831313633764c3850643964656932365639576f345a3955376431617a6c2f6964372b762f62313962466e5a0a58576f334e745a32554d747a64586b2f32657874344c622f4145753576426e47446e4f54796565674f4f4363312f61372f77414568503841676e4e422b796a384e49766a4e3857644a6a50780a352b4a6d6c326c78635746356268627a34642b4462387266324868496767663262346a31547a424a346f5a41516a34384e4f344d55794e38312f384142496a2f41494a4e50384d7a6f7637550a6e37546668302f384a32384d6439384e2f6872725669705067304d572f73377864346c302f424b654b6c565133682f5343503841696e45645a5878346d337a4c2f53597152426368746f35770a3247622b4a67654f447a3035352b596e4a775366376a38436643477477375166466e4565436a2f623954544a49564c745a4d6e4763484c6c76647a6b704e4e71366a47556f78546b2b592f6a0a72786b38566637667253345834656c7935616d6c6e31524e577a75634a5461626433654d58474e37364f7954616a64753049346f7763494f63665138743738647a302f456e6361786462316e0a537644756b6174726d7558396c70576c36505933756f617071313763665a4c4454724b78744a4e517672335562393349302b77695350664d354f5655426876424663723856506972385050670a6e385066466678562b4b2f6a445166416e773938453656643639347438562b4a4c39644d306a526447736849306c394e664e6856554b696b6a635351345541416d7638414e622f344c5966380a48415878502f344b43617834682f5a2b2f5a74766466384168642b794c7074384c6534797a615a34362b4e764c722f61486a593662726a66325634595042385065446575517a654b766d4a620a5476366a50352b5031692f344c452f38485156726f44654b2f77426d722f676d687231746636784174316f766a4c3971763750397073744e76453142313143772b436d6c366b36727158482f0a4144557a57682f776a7035486866495250457466726e2f7762356638465a4c582f676f352b79347667483473654945752f77427158344257476a65482f6951622b344839712f4562776548580a54764458786555376d4f6f48584850396c654932564352346b425a6d4231644b2f7741736976736239677a39744834736638452f66326f2f68782b307a384a4c332f6961654474562b7a2b4a0a5044633978396b306a7876344131416a2f68492f434869546b593076584e4c5163357a6f486949364e346e47663748624f6e732f5038502b435a2b303876782f34422f7445664a2f732f70550a666d52656e2f6a74666e6a70582f4254763969325839697677642b336e346c2b4e5068727756384266475868306178702b732b49623249367848724957542b305041692b4839505a395531580a78786f32716162715769746f656b4a4a4b73316e492b5445566b4838596638417755752f344f72766a7038624638532f43663841344a2f3650717677442b47386f75394f75666a4e346c67300a7a2f68656e6965307a4a7566773645316e5739482b462b6d7353705968645938513532343853614941617a4e44394d762b44746252763251764850374d48674856664566786a2b48476766740a6266422f7856616168384f6668783975463138525048486748786871576e61583430304c2b7a4e4c643958306e53744741302f786b6d7236322b6b2b486c6a302f563164792b7234722f504e0a726f664533696a784e343638526174347438592b49745a3855654a3965763776554e653853654939573148567458314b383141762f7741544455745331503841346d327164526a6e4a7a334f0a57726e713645724b336f7675357638415038757a767a6852566971394142525252514155555555414646464641425252525142597176525669674436622f59712b485877622b4c5837562f770a442b487637516e784c304434532f426e784a38527446742f696638414544784a4f6254534e45384736635471576f2f38544c4f644c2f74773663326a66327a2f414d77442b30542f414d4a540a307a582b7933384c376e3463336e7737384674384b7451384d3670384f597644756b57586765383847332b6d367234522f77434561302b77537730762b774e5130737961584a7036616247460a54797a74436e797743416d663851477630672f594d2f344b742f747666384535664574747176374f2f7741574c382b435a723458486954344e654d763751385166435078494d6b6638544c770a352f62592f737656506c482f41424f64462f736278454d6e2f6970736e6c4e6631303336712f6b765066585633442f597772497662367a3036797537375572714f78744c5332755a3732386e0a6e4674623231725a475176654d53324146586178354178674138632f7a3866384575502b446944396b6a2f676f584a34662b466678436c742f77426e543970572b617a3032483465654b39580a4238486550395759457376776f385a764b527175704f775654344e31744e4c3853497368534d61776a46312b462f384167352b2f344b3453667339664453342f344a2f2f414c50336962374a0a3859666a4234644e7a38637645656b7a6a2b312f6874384b645361784f6e2b45636c383658717678553077746e35522f785467494b6b6130577241364438342f3238502b446f4c342b6544760a2b436b763976384137494f716158346c2f5a5a2b432f327634625876772f31376e776c38663777616e49336a4c782b574c6e56394d4b6c4166687a72656a45736644326e676b733273654a760a446c6631772f3841424e6e2f41494b6f2f73702f384650506869336a443446654a483066787a6f6b56722f777372344b654b3556747669483442764a5a4864763351634c346e384c535353410a6142347a3050646f557137643761524d783850312f6a3856362f3841414c396f483479667375664672776c38622f675a3436316e3466664554775465692f305078486f6c78396c79437847700a61667157535037553076584e762f4652614b534f4e3349775364505a2b66346638457a397035666a2f7741412f7742746c6c69593462703635497a796672362f58487143612f4e48342b2f430a754c345636382f6a765149475434652b4a3956573238533656476f533138452b4e4e65314a78702b76366541464465472f47327136676d6b79625145304858354935497730477561383968380a586638414246722f41494c6c2f43502f41494b6265434c4c3461664561625176686e2b3139345430737434762b4872586257756a6645757a303155532f7744482f77414a797a742f614b4b430a4738536543786e5864415979532b55664432796576336a31375174483852614a7133682f784270397271756a617459334f6e367270643942396f74645273373453724a5a794b6543724134770a4e3230464d664e68362b55346f34647750456d56592f4c6377546153555671744865584c4b796c31365830664d30724e4f2f74634f5a376a2b47383277655a5a63376371362f444a637a756e0a723156335a613354693031652f77435349583732546e646a746a706e4866335035393673444f53534d644e764f6672305066333665395876463367725650684c34756d3842613350646168700a633056357148674478586671393066456e687457626470757036686b5938566143796c6645716e6e584e422f7362784977333674346d476d30514164783748482f417346674f2b526a6e362b0a2f5776346f7a664a73666b4f615a68674d65314c4835596f326474476d3563746c4632664d724e4f37664c5a582b4a6e396535486d6d427a724159484d6375576d614f3972705761636b2b720a623264316131314a58543535506a745038422b444e4b3856366a343230767739596158346d316941572b7536747057644b2f747a6c682f78556e396d632b4b503745782f79474e61353048470a4d3838396e5252586e2b3138342f312f32386571464646465341555555554146564a62653375494a3765356a696c696d674676504250416673647963735055486e356658767a6e4a713352510a42394166736c2f464c2b784c75342f5a3638563372764a6f74682f612f7741494e5876707a2f784f76416c6d785855664236336f4938375650686f7852664b354c2b417451304149725336520a346863666f4f7577717a4d647563646963344c41644f6d4f7676752f32656678503853615466366e4459332f41496131542f684850474868665662507850344738546551626f614c346b30340a742f5a312f67484f71615872672f7448527645576a6366322f7743487452316a777a6b63477630312f5a382b4d6d6c2f48543461616434757462456148726c6e633366682f7741632b464a720a7237546565456648656d4d6f385136446662546c6b7a733158773971726256317a7733714f6a654a526950566b552f3176345663592f36795a5338757837746d4f57744b53616264766536380a323676706657323762616b667978346963492f36763570396677332f41434c733039364672365354714a72577a2b31666652614a704f7a2b67492f342f77414b2f416a2f41494f5866696e380a537668542f7741456a506a6263664443652b307958787434722b47337733385936377056774c61383050774234693852534878475153656d752f3266703367374870346741776475612f66610a507133302f77445a7138522f61462b425077782f61652b445078442b4166786c384f4a34722b472f785038414439313458385636464b726a7a374e704a4c2f547236786662496d6d366e6f6d0a7132476e61356f4f726264304f756166705571677369412f7245587a4b2b332f4141386c322f75332b666b666e6c503466362f6d7148354e663845415032622f414e6c7a34472f3845322f320a6566486e774c7466436d73654b766a5038503841777a34332b4e50784974625854726a7866725878423148546b486950776a3469314e776455302f5450416d706b2b4566443367316a3565680a4c5937566a61545570793330442f77575538442f414c536678582f344a742f74522f4333396c62346636623852766952343938425876686d39384c333938397471317a3441766d5a504759380a453251517271766a31744b594e34623061526c6158393439754a7645716144346676384138444c502f6731562b4a337776386453503846502b436d506a6a346566412b7a385632766a4565460a4c2f776c722f384161304336627141314c54705045423072346b614834543158556446476e7156316e2b784e46497a794e3354372f77442b4368502f4141636e6673512f7357783639384f660a6735716358375748787730324a64502f414c4a2b482b72616550686634623163435141654e66694f4a56306b4849566a7048677361303542434f2b6a6a425048396e70384f2f3841334553370a2b562f572f6433303372335838326e2f41494d6c2f7744492f6e32312b78662b4349763748486a663967622f41494a74664266344e66474734697366694e714e39346b2b4a486a6e536269380a786265452f456e7841315a622b793849467041754e53304c5376374d30727841426a6434695857534449434366312b55664a6e3041482f6f6676376a382f72582b63662b307a442f414d46360a2f77446770542b795034702f344b6166455078705a2b416632622f686c426f3378672b467677522b485069612f774444397471756a654850474c452b502f42486772777a2f623272617366410a34302f2b32547258785031332f6849736166724a384c6b414f542f5a6a2f77534c2f623230582f676f722b777a384a666a77626d3150784330375437543466664772523766673656385776440a326e366150456b695743766c4e4d31345332486937772b3253783850366c45564b465a43327444565649333039314c765a75666d3766437262377458614364506c3062756e3158645838394e0a394f366231764858394a39623062547645576936746f4f73576b4e2f7047745746356f2b71324d70444c64616671466e4e7039395934376231493348755363454e686a356c384a64563164620a5458506837346f76707233785a384e395273744a7674516d6b49752f456e686d2f56745138462b4d482b56697a617a70616e5339646243672b4a644e38584c7549494a3974727748346e4d500a42486954777038585966334e68704e7750423378432b5a76735a3841362f7141476d362f71517a674c344a38554454395a4f7138726f7668765550475a5a57426b4a3643543336696f592f330a6b5a2f2b76307a6a31372f6d50584e54554146464646414256657246524e315030482f6f556c4148676e6a2f414234752b495877362b47614d4c72544c47345078523862772f4d332f4571380a49616e594e385062432b4476495647742b4f6d73645869546b617a4434503170462f6471385939376a367439502f5a7138442b4463663841776b6c78342f3841697050756d627835347175370a4877706368575566384b30384779366c346338467470374b59304f6c61345638512b4e4e4331514f444a4634786453437032763941304152504c737a37593966397233396837383938312f470a482b326a2f774146626638416771662b315a2f7755452b4b763746482f42475378306d58527632646f4e59742f69463434742f446677743851335069335750442b6f74706e6a572b314878480a38546448317a77703459384c614a346e322b4476446e396a4b504558694478466e674137612f71582f624f3162342b61462b797238666237396c37774e4a3851506a392f7772507866612f430a58773348716d67365635336a5339735a6244534e52476f2b4a395630665357625132766637632f736d575948584773492f44694d5764632f77712f384559662b436a50776e2f3449786550500a32685068422f77554e2f5a702b4f6e77702b4d50786c38593257732b4b2f6a4c71766876556272563762522f442f3841616936626f477065437454306a514e5662536a716d6f616c724839730a65444e61316f61386451422f34526e646f704a35363332662b332f2f4148482f414a582b613670676676312f77526a2f414f43746637544837556678772b4e663742482f414155412b4536660a4458397254344436);
INSERT INTO `images` (`id`, `image`) VALUES
(2, 0x2f396a2f34414151536b5a4a5267414241514141415141424141442f3277424441414542415145424151454241514542415145424151454241514542415145424151454241514542415145420a415145424151454241514542415145424151454241514542415145424151454241514542415145424151482f32774244415145424151454241514542415145424151454241514542415145420a41514542415145424151454241514542415145424151454241514542415145424151454241514542415145424151454241514542415145424151482f774141524341422f41466344415349410a41684542417845422f38514148774141415155424151454241514541414141414141414141414543417751464267634943516f4c2f38514174524141416745444177494541775546424151410a414146394151494441415152425249684d5545474531466842794a7846444b426b61454949304b78775256533066416b4d324a7967676b4b4668635947526f6c4a69636f4b536f304e5459330a4f446b3651305246526b644953557054564656575631685a576d4e6b5a575a6e61476c7163335231646e643465587144684957476834694a69704b546c4a57576c35695a6d714b6a704b576d0a7036697071724b7a744c57327437693575734c44784d584778386a4a79744c54314e585731396a5a32754869342b546c3575666f3665727838765030396662332b506e362f385141487745410a417745424151454241514542415141414141414141414543417751464267634943516f4c2f385141745245414167454342415144424163464241514141514a334141454341784545425345780a42684a425551646863524d694d6f454946454b526f62484243534d7a55764156596e4c524368596b4e4f456c3852635947526f6d4a7967704b6a55324e7a67354f6b4e4552555a4853456c4b0a55315256566c64595756706a5a47566d5a326870616e4e3064585a3365486c36676f4f456859614869496d4b6b704f556c5a61586d4a6d616f714f6b7061616e714b6d7173724f30746261330a754c6d367773504578636248794d6e4b3074505531646258324e6e613475506b3565626e364f6e7138765030396662332b506e362f396f4144414d4241414952417845415077442b2f6969690a69674172386366326350384167705a72483752333751662f414155632b46336776344843302b47503743656c4a6f4e6a3434767645796e784e386176694e6f5869443433654850452f682f770a3534476a74346e384e2b47664376696e3451654950437536366b6561573664686c51556972396a712f6a562f344a48664837396d75372f62312f344c4a66737a65503841346a57326865492f0a326966696838625a664331727241385165434e4b38576154344a2f61302f626c507864627735385150454a63462f434d4878443054434568676a53452f4d6a7051423936612f384138466a2f0a414975654a3941734e582f5a392f5a79306a786234446b38446133347938552f74526156722b766674452f41487756717062784d66446e687a58504148374e79654e506a78463467455038410a5948695750776a34733847654472676f722f442b65547768714573312f6f5850614e2f77584b735966687038597646486954566632617465314c34612f4576344a65457637512b45487845380a62654f50432b6e365038664e422b48522b484f75363853792b49796e78672b492f694478476e7736696b68384b487758344430474c2f68614a384a5471336d2f7a792f414c344866736e61440a2b7a442b3044346c2b436e776b2f594d58346d6673302b4d4e4a2b4333675839705852503230766a76702f68503470482f68425a76482f78642b4c5558687a784733676766484c34316544640a4248682b50774a345738466e7766483478545835332b47587843595253713330522f77524e2f59782f616c5477543865664433375556312b306e385676413378342b4832733248685a39492b0a4633774a2b4f6e77432b4d48774a3133793472614b54342f6645507850347838477a654a2f47506944773237532f437050466e696d615877512f6857575a66436a53626b4150365966684e2f0a7756562b44636c766f4b66477656504276686e54504643654b723352504833683237386336582f784b5044332f434e6f5838662f4141662b4e486850774e38656643724650454768672b4c550a38452b4c6668376b2f77444a513151596237762b434837526e77352f614a756669466566432b376e31337778344d317651744373664864686536427133674878754e653844654776694270470a746542746330447848654a346a737a622b496f764d6c5178754a43774c786831632f7a39654f2f2b4350586844784a616e5876416e37507637542f776c3853326d6866446d7a3846336e77310a2b4d48774c384d6a34664c34426b66586c304c5166684376785750684e5044506a66784f4e442b4c666a7a77637a41763851504433684d526868464d522b6f482f424966346f66744a2f45760a396a72546258397354776e622b442f3269666858385350694c38475069666161663453306e774f66454f722f41412f312f7744734851664857746542504455582f434c2b4735764776686c740a4438574744775378384346645a3879304252444b51443958714b4b4b414369696967416f6f6f6f414b2f7a4e5043476f6673686646622f6771312f7755712b492f695477344e6238552f474c0a5276322f66684e343138422b417641766944343536563845395938516549572b445877392b4c7a2b4166447677705069727853523852744348697a78353475424555612b507643447248356b0a736a79663659506e323339372f7742432f7741612f6b6c2f62332f344b6a66426e2f6769482b306e3862766963663841676c39384d4c4c786e2b31443478427650697634492f616c2b466c6a0a3857766a6b504461546d50787a346c2b45626545352f4633683377385472696e7a576469302b764c4a4e4b45457245412b745068723866666748652f38453866453378792f61442f414751660a32663841396d48346e65482f414e6f3377663441762f676838567668646f476c6156384c76693572336a2f773734642f5a636b2b4d4778464f392f68743851664158693176463251692f442f0a4146355447714d72422f753734682f742f6673782f4137396e33783538522f674e34553137396f4c776c384d74475533506850396c627752487158684c543869526835586a317050435077740a384f65486f696d574d6e6a434e4d4d4367626139663535336a482f6735592b50487858385777654c66695638425041656f79792f746766424439705478504861654a74614557722b456667540a3469312b5434652f41393942614c2f68482f456e68337768346438514f6262785034704c73336a7a52664448784a76596e386948774d7636512f74596638486b577366464c3448664544345a0a6673326673625776777838612b4d62464e4374764666785138566548666964345373664347765473766a7a534a2f416f384a65446a346748697651435934684c4f736150644e4a4a627a4f380a4569414839563377662f62542f617958397033344f2f426e397358345166414c344b364e2b3162345a3857366e384676686e34432b4f456e6a6e34332f444c576668396f4b2b496a6f5078650a512b4772667766346a66786e346354585a494a764235533374626e51333843372f467a6d61562f7350396b5478584638524e652f6139386551616b756f366664667455654d50416d6846624d0a4a7031696e776738426644543451584352444f574c2b492f4457756c77707951784a4b6863312f6d4933662f41415864385674385866675438663841516632652f432b6c2f4633345861422b0a79393850666946723939347731792b3166787a384e7632532f45555069483465614c344b3853454e34732b4758694c7876434e5a384a2f486e7854484c634c34363844797851326f384933450a38694e2f616c2f77624b6674412b4b5069722b787838526f332b472b682b442f414966336678592b4a2f78673846362f6f6e37535068623433366c752b4b76694a7462312f77414265504e430a696150346d664433786234613854663270346d7a3433384a526966774e722f684b3665346d754a5a6d6b41503666614b722b663766702f396c566967416f6f6f6f414b794c2f564c62544c4f0a357672326531747253307450746c3163334e7945534a5148497a364c68446873685353696f704f3431646c7a35567a35482b7632385a3635796366686a38656d6563562f447a2f77635038410a2f425554347966744566486277312f77517a2f344a3452582f693734722f467278506f336754396f3778523451755a5a39546b3144584a3774443843774e4376502b4b663850776f502b45730a2b5038413477592b5634503844782b5663545251782f454a4b414f432f77434372663841776441664566784e343938566673616638456666442b72654f6646305461703452316e39707677310a34636b38656172714f6f51504a62617966674c38506f4434726a38517847484d702b4b48696d4d744650756b7462526b4b33352f50722f6769442f775242742f2b437265742f744a2f7455660a38464b76695a38646b5434582f46375276687834723844613772577661543856504766693650774a6f486a3778354c38572f455069654b627852346230434c7737346b38464c61794a354d360a6d5736565a314d614b3339526e2f425050396744396e502f41494963667338654366427668727735612f74412f74312f48572b6a307a58727a51563058522f6974385850454b50665a3048340a64782b496f6e692b483377542b456668394e30336969655750775243756d53366a65754c2f77415678323876732f6a48346e654539613859654f2f6a5834713848613538484e482b4a4f6d770a6673536638464f766852717a6f6646767769477544785234632f5a372b4f7375752b486258643469384c777965507462384d782f47434f346b38445466416e783134522b49306b6b5670384a0a57733241506d6e34632b43502b446433396c66514e627566326650325376687638575042506757783162542f414931664744345866425078312b303734552b466d6936444a63485839642b4d0a50786938526a787370534e634d3974483477385665506a4978432b435342497a5a2f77742f774343667638417754452f59512f62692f626b2f6136742f67623455764e456b38472f736d6a340a596644627774344c506a67614634762b50506958346e2b47342f4433776538414e62663849306e69443433654a6b384365477641634379374c65343352525365474970726d57543162774e2b0a3248345838503841374e4f692f73536674483631344f2b484f6f365a34412f62492f59542b4a5774333931344a384a6e54666a5a384266414d4238413679792b656e6872777a34642b4e50770a52317076692f344238794f4e464d6952535179425a6733774a3848663239663263766a4c34712f5a51384c586e375176776c7464612b4a6d6966384142474c556647326b617672576861574e0a4e507746304c39706634792f474c512f45492f34533173654a76426e696677486f4f53662b5247667842344e424c467431414831583858663247502b4345483762666958774c34572f61442f0a41474476456e374f6e78662b496e697a57504176687864612b436e78582f5a57385633337844476b532b546f57752b5076687642622f436e7856346d385a573776347238412b5a34793859480a786f753067584c72494a2f35522f3267762b4357482f4252332f676c6a2f7755782b4c33682f384134492b366e2b307038554976673534432b48337869763841787a38504c505362375766430a58684c78322f6978664433676a34722b4852444634562b4a6a702f77693369466b384c5465446e6875626553326e537a634a4a496636737a2b323934652f6241735032662f6a5234783852500a34722b4548777238662f74432f74392f384958345162524e536a38572b45506839385976466e374b2f77447754372b42533641766d48784834712b4e667848632f467677437849456e6a2f770a3762526d526471745830422b7a78385566327166677a6f7678573850664333396e6e77312b31442b3044705775584878322f344b50654972763478512b484a3762396f627832664451682f5a0a512f5a39312b503456663841434c2f4562346a2f4141632b43306668337731385076436e69326677663446747668766f6e776138423348784553353856792b4f6f7744346d2f3449306638410a42795434442f612f3137532f32532f323674503033396e7a3973653376726277706f2b722f77426e542b4650414878663856704d32692f3246444272737a50384f6669615a6f586a756643480a696f4a623369734c66774b58645673522f5770444b4744412f6c2b4c644f66624a47663468304a4e667830663846682f2b435376374f2f2f4141567a2b4166696e39753339684730737643580a37582f773674504665722b4f4e447466434f722b4466482f414d573962384e36462f6275722f435834782b414a724f3338522f443334372b476c545235664264743472695478736a2b5262330a46704a43746c643136622f7762472f38466d4c72397650344b3366374a5037536e6a6931314439712f7743426d6a327a2b484e5a31693659367838625067695742587843493265524738522b0a42705176686e7834304a4d62527965443777694f3565654f67442b744f6969696744344c2f7743436b76375a5068542f41494a2f66734e6674472f745a2b4b6c53385834562b44392f686e530a79794b32742f454858745a54773138504e41473459486e654b646330554d533668596a49336d426c722f50332f774343416637442f774477564f2b4e2f77433164702f2f414157432b4558680a6234582b4976446e682f34722f454c586647782b4e6e6a585850412b73667446367834376c755238614e422b45387366677a7868482f776c45726549645a6e6a3857654c3550446e674b50780a764c4441623976733177692f75482f7765612f474c5764492f59352f5a582f5a79384e6c7a714878752f614462554e51733077487634764158682b662b77774353527a3469312f517a6c73670a44355365474a2f5854773938457250396e4c3969502f676d482f77547138472b4d664666772f3144785859664358345a2b4d74542b466d715034623857363934532b482f414d4b723734692f0a74422b49592f45634d7a706f45506a58784434656a2f34546a78504571333055586a78523442643771574e45414f6575506a33346a38522f744966384e452f422f7741452b4a7a38664c48340a41614e384e7632682f7744676e5638616248773734472f62436634642b48504658696a784b66486e374c6d767a654b332b46766950784b3339756134482f345244786b2f77492b4e773054770a6750384168614868473638494338723867763271662b43683850676a78543853622f56664776677535692b47506772562f684a386566323276474e6779365a34782f5a4d3865792f456a772f0a422b79582b32442b794b4a2f4133696a78462f77554738452b4a4538516a774a344d3848703453456d37785a38534e2f677634572b4b666952384e706664502b436c5878692b4566374b58680a6634692b452f4758375257742f4565342b476d755366453334562f73392f3841425237396c2f384161743854445466466e68772b4a7a6f4b2f73532f742b2f446e7774344b385552654b76460a33695264455877492f6a447874385a504841534b57655353414e35492f694f2f344c412f744366455034692f4847322b416e69727868632b4d74642f5a394c326678353862334d71536131380a54763278396430447737442b30503433385261783536447841766848784c6f5466435077454c67622f435067447748623231734934355a326b414b763753482f414156433851654e76694c710a506948396e3377685a364e71556e692f523962692f614e2f61463054775638622f77427233787271506837774a34662b484767654939663852654b3476463368543461525465472f443368370a5a34542b442f685342345448644c64664548786132325563526638412f4253502f6771624634543037346b36372b304c3856726a77583430317678563465306a562f456e686a7756716e67480a7842716d6844772f4c346b306a5a3467384b542b4676456e6b5236336f58326e355a42437a41474173546e3873495a5370495036642b5739543641392b3577516576384166702b33722f77530a31307234642f38414271482b7a5271656b3644644c38532f67445a2f4472397237785464616c4e4a2f6154616a3865577a38594948444b783875333048787634653277737a4252346269792f0a6d497055412f6e702f592b2f344b323676384c2f414231706d712b4d34394d2b45506a6d37385465416646722f47333459664462524e522b486c2f3479384e503473486872787a38666632510a596e38492f4333346f6e776d66485776654b492f475067332f68446648715854743851705738582f41424956626f2f3258663841424f76397333343636375a616e384e506844344e384672340a722b4758677a52783850766735346238616137717677552b49612b5076447376694c34686638465450327750327638412f6846662b4b6d2b4776786e38544c726a2f442f414d482b446b62780a392f776e75672b4d562b4a716e346f4d58384f2f3565666d2f766339732b2f7239656d6533727a6e4e6676722f7741457050326d4e553054776a342f306678412f686a785a462b792f5974380a644e4738416646487733343338652f436e786e2b7a7272757665457668392b303934442b4c2f67447737347a3845532f453734632f42765150454f68667458654276684d6e697133527648760a773861534b53366c6c7559364150384151582f5a7631583473335877372b4b666737396a3778585a6648543473664776786c34762b492f37526638417755662b49656a4877722b7a473378580a312f772f46345956503266764466682b582f684a666a704a38477644336833773534532b486e684c7761452b483858675077514c66346b6674476a346c7578662b4c2f39754c2f676d3338650a662b445a7a39724c396a66397433344f664847382b4c66773848784654543476456638415959384d2b4a6d314f4b4b3562346966436278426f49655877352f776a6e6a6e346444576f3443370a674c766d38355652496e722b7454345866733565432f322f7642587843317239722f34626674452b5050673534752b446b412b456e6a3739722f536668542b7a352b7a5234644f7661484b750a68763841732f38413741666866786f76697277305042362b5234716a385a2f744b6f2f6a3633494d7677332b49737475474b664d332f42526e346136392b32542f77414774766944566646740a7870577066452f3443664276775a34377666457476716b6e697a527454385a6673772b4f6e384e2f4744784634623861754754784c3464385a65475044666a35764176696d4e6473385773520a76497a487a5541422f555a384766695a344b2b4f76776a2b474878743842617062616c34412b4b33773838482f4566775666323179575735384a654f664475672b49394375433634483732330a75562b365146345437786c46466669482f774147756e787275766a4e2f7741455a763261344e53756650314c3455616c38512f677578786a476c654176456f4f6744615353435044666948770a2f77416345427658634b4b41503534762b443244566645656d6674422f7744424f472b744c6c724377306a34652f48585866444e30716c69766975507835384f4a70574f4d6c6469786548350a477a777137695474424e66746e2b7a4638656632782f384167706a2b776e38436645583755582f424c72396f4c77643431734e4e384c654b76687038627667392b316c34622f5a73385636720a74304337384f763857666876347074504733677634352f424a504758687a58566144777a4773366550625457482f657a6644475158692f6e562f7765792f427962587632662f324a2f6a6e5a0a6151317a2f77414b2b2b4a66784c3841367865706e4e68706e6a2f77336f50694b464f4230655834667871784a3456676345713550376d2f7441654d7667353862763249762b43612f6a7a550a5434313162396d7634336646663968776131344f384d36393469384761683476384a6648547733612b466668446f47757a2b474c6e777034676a384b2b4476695838515041506a507878344e0a684d435853364a4e3444677470775a7642556f422b6648376175686645337731384850683934542b4d39312b32316f50676e78622b30622b79546f666966522f6a582b32722b7874385450430a52306a5866327650686e3464622f68496442335366464c784c34626151364b5150423243513535496a6c6b622f4e4d2f614431505564572b504878773148566451754e533157382b4c5878450a764c2f566232374e2f71576f616b6648586955435a35476b7a6d5545753342584f48424b7369482f414578502b43696e374e7677693072537669762b7a622b7a766f5037456e77462b4b32760a32476b616a385066446677562b41666a7239734439752f784271756846332b486e694276442f68786642502f41417a4c732b493438422f385668347950692f3466344a456e7845336a3566340a73506958714877672f5a5a2f344b34654350326f766a442b7a7834422b4f58374f7678383857367a2b3052632f424c34732f32536668355a2f774443335a76462f682f34782f446e572f4c690a756643797966733166472b6278373454544a385457672f34515077755a6938386e6d6b412f432f547059497269336e76594265577472637064586c6f6276623974514d6542676e6e42494c5a0a4a4b73344a4a5969763965662f67705a2b315a2b7a4472582f424176396f503479743474384d3631384a666a482b786d66435077776b7439593076792f46666933783934426c38502b4176420a4f694f6e6d744a723866694755457870473778684a664c6a6b614e41767762385850384167676a2b7850384174346545394838542f446a2f41494a732f4250396b54567648576936506657660a787138432f74503675336866542f43637364773438512f446a344f2f73374a4c384c2f694f307363656a74356e697876427a4e2f61374e356865416b66534f712f77444272372f775454316a0a396a6a54663253793378326a7676446352314452766a4a65664858346f3674346d7366694c49757a784434375834526e786133774c53343856794a35762f434e2f77444343527772424b42680a726c444f6f422f6b77312b6c482f424c2f524e5238552f74633642385072644e597564482b4a5077582f61362b48486a6132306a5457314274512b48506948396b62343078654a6959687a480a4862614a76385369396c4f66427375697034396a5574624e6a2b3636502f676e623846662b43474837505078542f614b316e3967722f676e6e385a64482b476e67672f384a542b304638552f0a3269666a66706678562b4b47724951762f434f2b48766739386150684838617643666858784a34723873784a344d3844654e3167386141704571736f6a7a2f485a2b7774384d377a396f58340a6f6674562f744a6164384b4e483047583479654a2f4650374e6e77472b4650773338526144384e7449302f347566746f79654b2f433369487750384142365478543472384a6546677677662f0a41476239652b4c542b42764276697164724f57512b445932566848484767422f61482b7968344d2b445837515877562b4746354238412f2b43526e37576d753266772b2b484533696b2f48660a2f677037342b2f6174385336623473317a77464557693865364c3853506735386134504466696154634d7842336e496563516c54452b7a68762b44684478522f77565630482f676c423854640a50384d664237396b2f77434750374d747a5a66447a776a38596f2f32632f482f41492f38652b4c64502b464d6d7665486f3865476f78384b664166686a7778384e6d385178365234553862790a685a522f7767344e757853796d754772376d2f5a6d302f396b6a777a59337677322f62412b4c7677522b4b4a2b455077703154557254346266747a2f414c473377722b4350375958673377660a344148686444722b7561383871654666694e3458384877786a4869337750344c38744c6954776c4f3378426c637a764a347638417469654939452f5a592f344e62506939714f7536595044560a72385366326239573850654376687a62325038415a3048772b6a2f61332b49637038442f41416b384f2f323454636a7774384650445878592f774345523847424e727238502f44696557724f0a685967484f663841426d39647a332f2f4141536f38594c4f5354612f744d2f4555413478772b6765457334355047536f7765354f44316f7232763841344e4d766844666644582f676a64384e0a4e64316977466e4e385866696a3857506950627553434c33515a504563666872524a574f51634350772b7a412b75467953484a4b415073372f6776502b786672763764662f424b33397066340a4f2b444c6133752f69623464306a53506a4c384d596a616a64716669333454613233695674446a4757416c38582b47662b4567384a7845376c5639634c46576a5a776635585038416769682f0a7758342f5a49384266734336442f7754672f62372b46586a33787265654544713377772b47756a2b4850686e72587863303734332b44764732763538502f4357627736694e503466385552650a497645662f434a327179624c575953654655696d53346a6e6a582f517775596674467663516e75467766715839663841643966346a6e4942422f7a4d2f77446773503841734a36782f7741450a5576384167726a384466384167706c384b50687448346d2f5a4938562f744a2b46506a766f65696230625376422f7849304878484a342f2b497677684d716f736668592b4c6e7474633856660a4166666362596d4c4b67592b454a5a43416631433637345538532b4339503841437677697650674834622f5a7a384f2f486c62317668482f414d45307632556278664466375366787a6a38500a797944784e34342f612b2f6164384c79772f3841437366676e344c545739466234687965445979715050622f414136507847386252654b68384d66454838376e2f42545839677a777665654a0a504866776c6c306655666942384c6644666a625378385150462f374f50776c304966436a39694839737a347552654876446e6833344766734f2f43447730692f464434332b48312b485067440a52482f61352b446838377832332f4350572f3753453858684c346e537a575666317257486933512f32312f435877492f344b6b6638453476694c70506a5878706f2f77343162774c463442310a693630614c777038622f684b66486e686a784c385250674c342f59794d506876385450427669625157506748786a477758775434366b6c7435316c2b47766975356c6b2b50506964345038410a6958346a2b4a756d324776364464667366664550396f54522f6948384d2f324f66326572532f3841415770366c2b796c3845585a39632f344b446674322b507a384f6e6277756e7879385a650a4864656a384a65415046692b4d66462f2f434554654950426753527050462f784d5267442b64542f41494a446648662f41494c5066734d6548664650675434522b4e2f3256763267763254760a44333969613738492f682f385a666a763444306e774638582f436d74612f346a2f774345675037494878665478576e6854773134746a654a543851506854347738594c4c344b6b3134584d6e0a773557345a7a5839466c762f414d46642f7744677066717472706c7063663841424a3258774934384e445566464878442b4a48783768307234562b4564592f7348784f4d50727669487764340a4968627775664558682f51592f7744684c6d3858484336387267656369536a3467305439686a3451664750776e384850326d2f67483465386166732b61622b31482b314234743863364e66660a426278544a384d6c38482f3845312f3253666748346c2b4833683061396f586838663841434b2b4b562b4e4a2b457667487859766a447866344e38592b4f316234744c626f5130556b592b520a764466374a666a6a776e4c3450385433483752767858306d412f73352f7744424a4434302f4856725434582f414c4b586866574e54306e39727239707a785038472f6a463463486a2f77414f0a2f732b2f384a5434612f34516a777847306e77394372356d444b586430584941507a642f344b4d2f44663841344b59663846432f326a506837642f74382f74536642765166684261523654660a614a592f41322f385365506667743444316e784c726333686a772f384a2f32582f41486877492f37586e37536e6935575a76492b4544654d693868686a757669483457743930532f71522f770a542b2f5a723855664479443446362f4c384950682f7744445434502b4b6644506972344d2f736c2b47506970704e7238575032665238515a50452f694477722b314c2b7a542f775538384d530a65465966452f77552f612f2f41476c6d384465486e623471326f5067587746347a38506547663264346f50476364753377333852665533674c39682f7750384173372b4e2f43656f655038410a5550452f69433774503267506a702f7754532f61512b50586a37577645486a663467654439582b4c6e6a3777312b30502f774145392f3274504150695478476a6a34596e775932762f4362770a696638416844423452384244783772374d496e326c6d2f5276344936702b31444a72766a7a347666434c3455664466783738656254786e4638432f2b436a2f374a4771654a39432b446e686a0a78422b3039344130456e77462b326238483963654c78716e6878506a48346248674c7851583858446634352f5a2f6c384778345834716544342f417377426b6543664248697a346d2b4876690a4e3463384c66427a52764656782b7a34774878582f774343583337646d6a703854644a3841654d485136353462385266736a66744f2b4931385a52443462654f503744385174384f2f466a510a2b4e5068717a7870384f67506733632b4676484e746f483867482f4257482f6773743866502b433566697234452f38414250503444667336363538447644392f385a6445734c377746346b310a324c5666694434752b4c4c4c4e34656a6a3852614a467358777a346438436d3431755a594645306f4d6b79584c5276484a4458396848375a4837595077702f3449746673742f4648397154390a70583467575078612f626b2f614630703748534e4865366b6a62346766456677396f336969547737384c66687634664142384e6673302f426562576d4b79624137724b4c33346833492b4a2f0a6970424e2b46762f4141616a2f7744424b6a7846347038642b49762b43747637543267336831472b314c78526166737732586958543757776b38586131343165622f685076326a6b30356f4a0a4761336b6738516137344d38447952434347575676467853497462324e3241442b3037396b6638415a2f38414448374976374d6677472f5a6b384676627234582b417677702b482f414d4e620a50556268476867314b547733346654536458385154487a536f316a785a72647650346f3143535578744932744f556a5866734a583033426269444f43446b446f4d663373385a37357a366a700a6b67356f6f412b6550326850326950686c2b7a4c384a76456e78692b4c48694744517643756947777337426450734e613852654c664575763674496b50687a7750344638442b486b6b3855660a456234682b4e2f4545613666344f384865456265572f3841467a7648464135455a6c5034386674522f73422f74542f3846652f3262766978596674442f476e346c2f736365456669746f53500a38452f32592f432b692b4166466265452f43336d7672756836372b31756e694c77345a76456e785038544a446f4d3931344938452b4b7642342b43486d654b7668785a66456278766472642b0a50612b412f774467343238486674732f442f7835384c763277503263644a2b4b6575326677323066344c325877592b4d76677a78724a5a2f443339692f77434b3176384145503470526647660a3472654f2f6878356a2b46504657676647543462655076683934496c2b4c506a4c776a34717476416e67375250463332715332696b615376302b2f344a44663846492f6a482b315038482f680a6a34492f626d2b4565712f41663972447854344d3172785834506138306c394c2b487637542f7731304c58786f4c66467a344f723575337a466b455138652b4532567059495a5043767847740a6e6a2b47486a4834657377422f6e306548506a582f774146575038416732332f4147747669543846395031396643576f367779586d752b457646476c532b4e763266766a56345867757034660a442f78563058772b54434d77693032743471675a5048434979327479775a5a6f422f52462f774145472f38416772523850503841676f50385966323439432f344b5966486277356f503754760a37516e7736384c664272344c58643772576966444c77746166733961356f2f69324c78393849763265315a6f4966433369552b494e666a38585377744a65654f76484d6838485372642b4b350a764234535039662f4150673557384966414878522b7754346c737669422b7a6c34572f61482b4f7572783637706e374f6c7071312f42345876766872724768614634682b49666a3734754e340a38506966776a4e3458384b654276446668627a2f414276444665496e6a68352f436677347559705838567747502b515439682f2f41494a666638452f7632742f2b43644877732b4c667867300a6e397358396b7a346d654b39632b493368697a2f41477674482b46352b4f6e374a2f6a44564e473851654a516266784e3464384c512b4c6646587730683849527131764e34753858447756430a34695a4966694759384d41442b35756639695039767677373841726a396e6634562f74362f447a34672f425078503841426e55766756615858786f2f5a3230492f454c774a384f3550444d2f0a686e7737343138436550506778346c3845654776452f695a664472704b6b5069337759766774706673344d61717a5179664d33692f77434448677a34796674372f742b2f38453864492b49560a70344f6c38596638456c503252664166685878514730445576466668485676416678412f6161384f2b484e665851434e724e344f50694c773534744339793638343550387a3377522f7743430a572f384177577438413349682f7743435876384177576d2b4366783538425775694a61614e616643763974507846703636627043794f526f612f434c78476647647634596b6a5a41795237310a5948797a6b6a624b66494e4b2f77434344582f42796e482b3066717637534e763474315854666a2f414458625874392b3042642f745551512b4b372b5635355a7049662b456b5352355a2f440a5a55375434646e592b4450495747314b6932686943674839772b712f73702f487a34702b476f4c6e2f676f562b32546f5238436547664533686278547248776b2f5a39384565482f4149502f0a41415538593650344546704e6f4b2f4637784438527834352b4b7669434a2f45326948785a4c443456386165435042486d5779464c536133456479663439502b43332f2f41415859386366430a442f6770675046582f424b50396f7a77744659365a384350414877362f61492b4a76676178304c7874344e2b4d487845384e2b4f2f6962346a30585174614576683634385065496f6667396f0a5776764861654b76436b6b71724a346b3857324d4630346938706648666a4c2f414d456276327a2f41425671452f6a442f67722f41503841426276396e58346161626475622f7852346138650a2f744b654f666a6a38516c306a52416379364c344159772b4733574d6664524a4435626734685a6e755333705878532f344e752f672f3841456a34662f436e78702b7970725878722b4366770a482b46326e2b4d7646333756483763663762656777654250422f69483454512b48355045467634692b455077426258592f6959376545563850617731306b362b4454634e7270676535596f4c0a6f674835722f73582f7353663846482f41506734302f62453172346c66463734682b4c3954384861546661524c386166326b76484545502f414169336754776c6450436e2f434266436652500a4c4f67532b49416b65724e6165436643705343326470722f414f4953784e4e633345332b695a5966736566457239696a5350435878442f597638612f4654346f782b4239463058517669332b0a7a6c3858766939727669765266326776434f6836504a424550683650455248683334472f4848776375325877464e344d673849664454787445582b4850784f38426c452b4876784a38505a580a2f4246663472664176786a2b776c344f2b48587764305834482b4635506750636e3456654e66442f414f7a6e712b6a6172384b4c37553155362f6f667856384d6d4356376c64442b4e58686e0a78426f507864542f41495378492f694155385249506945723361545348345a2f344b3666476a2f676f542b316438472f485077722f774343576474726c74384750442f6a434c346266744a2f0a7454664462584a6d38663637717738535465482f41424c34442b4147682b477643766a547854346d384d6643435269333751506a50776373567a634d482b485877306554797669463551422b0a3658374e6637546677552f61302b4739763854506772343050696a5172652b762f44766976524e302b6d654e7641486a76773763746f2f693334652b4e66446b647846346f384b2b4e5043750a735274612b4c66446669705074747264537779724b366f435376786c2f774344657239676e396f58396b5834502f474478332b306c3454384766443378583857622f772f3465384c2b4176440a5868676158346e31543465654350466e78503133772f38414644342f3633625a75766952386266473765504a6f352f4676696d4f50346a2f41504341614e3451683863764a714c434f4d6f410a2f6f32386a332f582f77437872774c34332f417634572f487a77662f414d496a38545044732b767757633865762b4750456d6d33443656347438422b4c59444b7569654e66416669545146540a784e345338555276502b34385465456e6a6e6a6b3830735168755548304c5251422f48702b31762b7968636645547839386276686a2f7756632b4f2f7837384f2b46744c38622f434c77722b0a786e2b326634792b4633776d38532f73322b495032652f416376687634672b4950424837514a2b4737447770345a385466474c346a6f716674416a3479654550684a38502f486350772f38410a684139704d306132384c6642482f425054396f632f774442497278392f774146465032502f6870632f74656674412f482f5639462b4c657066735061503462384a6a346b66734d66453061460a4838536669443441386566442f77414265473449702f6869582f7468502b452f6a38482b4d2f38416841664761614e4d30557158662f4342794e2f6652716d6d3656714e70505a36785a32560a395a335148326d317637515873546737317868775274415559474356504b3447632f6d7272332f424b4c396a53487876622f46623449654666462f3749337850756637564c654d76325038410a78337266774d585633313442395a4f752b412f447750777738574e4b56566b6b3857654362683934335a4c444a415038382f384162452b4f5037664878522f62682b456e375550375776374b0a4877362b4a756c2f7375654a303851326a655066324d2f696c2b7a7a34562f61422b4857733635634e346b38652f462f514a50436e692f2f4149707277636441662f68506646586a435a54340a487973574a70677072395066426637656e676239715878482b32742b7933384f762b4363763748362b4c76676a2b78393864666a7234442b4f2f774e38612f457a39716e344b363534782b480a76674877327668396668353850746538484c34593854704b76694650437253504568452f6d5249766c786e642f5753763746482f4141554b3848322b6f365a384e763841677133722f6a43770a31412b61696674596673612f417a34354731306e4c41614d72664448785a2b792b307354594f585a647244426463675a7161422b7a522f775651304b314e7234612f626b2f5952384c6154620a574832567464384f6638457566484f6e6168646f7551664d3068662b4368545779624d4863424c67734355445a4c4d4166777a57502f42557a397458525032632f6a422b7a3534332f5a2b2f0a5a442b44337754384a2b4235762b46672f74612f426239696e577466307234762b454e62457272384b483851664472776d33776f2f7743457038622b4a6c5877702f7774676545504376674a0a7648326743322b49386f6d6379503779662b435a763751337854316a34572f7459664633343757662f424d762f676d356f566c6f66694434582b442f414e7166397033774c347038576164380a4a6465384f2b4876694e346831337739384266687a442f7771377842345a2b4d76784a4769724c3849424a344f6a65514b72664475544d42503968666a542f676e56386576326b666839346f0a2b45763756582f4252543469654e76412b763257736142385466684e384166326650674a2b7a39384b664858684858556b6b62512f4579362f774346766a64385672614e516b6d58384d2f470a4f334f646e79344a7a37543841503841676c762b776a3841377a7752346c384a66416a512f47486a76774a6257316e34452b4d487871316258766a6e385766434f6e5261474e454558772b2b0a496e78677566476669663465446238733048676d627774627a4c6c5a493559444b6a674834532f734d2f38414250445664512b49746733374a6d752f74572b412f77426c7a347461543859620a372f676f4c2b31523438385036522b7a5034742f627331587831727965497668746f3377452b4435384a522f4644346365476642372b4966487668556646324c776a38486e5877447272512f0a445434692b4c776b56356f5839576677372b47586744345465422f436677332b47586862522f4176772f3841424f68614c34543847654466447469756c654766446e6866514336364a6f6d690a364d6757474f4f4b4a465162554d6a4b477935494374364a3548762b762f324e574b414b7632664d786d44636b594135365a6b2f702b7565614b74555541662f32513d3d0a);

-- --------------------------------------------------------

--
-- Table structure for table `interests_main`
--

CREATE TABLE IF NOT EXISTS `interests_main` (
  `main_int_id` int(11) NOT NULL AUTO_INCREMENT,
  `main_interest` varchar(20) NOT NULL,
  PRIMARY KEY (`main_int_id`)
) ENGINE=MyISAM  DEFAULT CHARSET=latin1 AUTO_INCREMENT=8 ;

--
-- Dumping data for table `interests_main`
--

INSERT INTO `interests_main` (`main_int_id`, `main_interest`) VALUES
(1, 'Sporting'),
(2, 'GYM Activities'),
(3, 'Arts and Culture'),
(6, 'Children'),
(5, 'Relaxation'),
(7, 'Children');

-- --------------------------------------------------------

--
-- Table structure for table `interests_sub`
--

CREATE TABLE IF NOT EXISTS `interests_sub` (
  `sub_int_id` int(11) NOT NULL AUTO_INCREMENT,
  `main_int_id` int(11) NOT NULL,
  `sub_interest` varchar(20) NOT NULL,
  PRIMARY KEY (`sub_int_id`)
) ENGINE=MyISAM  DEFAULT CHARSET=latin1 AUTO_INCREMENT=26 ;

--
-- Dumping data for table `interests_sub`
--

INSERT INTO `interests_sub` (`sub_int_id`, `main_int_id`, `sub_interest`) VALUES
(1, 1, 'Cricket'),
(2, 1, 'Football'),
(3, 1, 'Badminton'),
(4, 1, 'Basket Ball'),
(5, 1, 'Rugby'),
(6, 2, 'Walking'),
(7, 2, 'Jogging'),
(8, 2, 'Push-Ups'),
(9, 2, 'Jump Rope'),
(10, 3, 'Drawing'),
(11, 3, 'Painting'),
(12, 3, 'Ceramics'),
(13, 3, 'Pthotography'),
(14, 3, 'Sculpture'),
(15, 4, 'Reading'),
(16, 4, 'Writing'),
(17, 4, 'Shower'),
(18, 4, 'Swim'),
(19, 4, 'Cleaning'),
(20, 4, 'Have a Sing-a-long'),
(21, 4, 'Cooking'),
(22, 5, 'Read a book'),
(23, 5, 'Sing a song'),
(24, 5, 'Dance'),
(25, 5, 'Play');

-- --------------------------------------------------------

--
-- Table structure for table `language`
--

CREATE TABLE IF NOT EXISTS `language` (
  `language_id` int(11) NOT NULL AUTO_INCREMENT,
  `language_name` varchar(50) NOT NULL,
  PRIMARY KEY (`language_id`)
) ENGINE=MyISAM  DEFAULT CHARSET=latin1 AUTO_INCREMENT=141 ;

--
-- Dumping data for table `language`
--

INSERT INTO `language` (`language_id`, `language_name`) VALUES
(1, 'Chinese'),
(2, 'Spanish'),
(3, 'English'),
(4, 'Arabic'),
(5, 'Hindi'),
(6, 'Bengali'),
(7, 'Portuguese'),
(8, 'Russian'),
(9, 'Japanese'),
(10, 'German'),
(11, 'Javanese'),
(12, 'Lahnda'),
(13, 'Telugu'),
(14, 'Vietnamese'),
(15, 'Marathi'),
(16, 'French'),
(17, 'Korean'),
(18, 'Tamil'),
(19, 'Italian'),
(20, 'Urdu');

-- --------------------------------------------------------

--
-- Table structure for table `menu`
--

CREATE TABLE IF NOT EXISTS `menu` (
  `menu_id` int(11) NOT NULL AUTO_INCREMENT,
  `menu_name` varchar(50) NOT NULL,
  PRIMARY KEY (`menu_id`)
) ENGINE=MyISAM DEFAULT CHARSET=latin1 AUTO_INCREMENT=1 ;

-- --------------------------------------------------------

--
-- Table structure for table `passwords`
--

CREATE TABLE IF NOT EXISTS `passwords` (
  `pw_id` int(11) NOT NULL AUTO_INCREMENT,
  `person_id` int(11) NOT NULL,
  `username` varchar(100) NOT NULL,
  `password` varchar(50) NOT NULL,
  `hint` varchar(50) NOT NULL,
  `last_logged_in` datetime NOT NULL,
  `previous_password` varchar(150) NOT NULL,
  PRIMARY KEY (`pw_id`)
) ENGINE=MyISAM  DEFAULT CHARSET=latin1 AUTO_INCREMENT=70 ;

--
-- Dumping data for table `passwords`
--

INSERT INTO `passwords` (`pw_id`, `person_id`, `username`, `password`, `hint`, `last_logged_in`, `previous_password`) VALUES
(16, 42, 'w', 'w', '', '0000-00-00 00:00:00', ''),
(15, 41, 's', 's', '', '0000-00-00 00:00:00', ''),
(14, 40, 's', 's', '', '0000-00-00 00:00:00', ''),
(13, 39, 'a@a.com', 'aaa', '', '0000-00-00 00:00:00', ''),
(12, 38, 'a', 'a', '', '0000-00-00 00:00:00', ''),
(11, 37, 'h', 'h', '', '0000-00-00 00:00:00', ''),
(10, 36, 'g', 'g', '', '0000-00-00 00:00:00', ''),
(17, 43, 'e', 'e', '', '0000-00-00 00:00:00', ''),
(18, 44, 'a@a.com', 'aaaa', '', '0000-00-00 00:00:00', ''),
(19, 46, 'a@a.com', 'aaaa', '', '0000-00-00 00:00:00', ''),
(20, 47, 'a@a.ss', 'aaaa', '', '0000-00-00 00:00:00', ''),
(21, 48, 'a@a.d', 'aaaa', '', '0000-00-00 00:00:00', ''),
(22, 0, '', '', '', '0000-00-00 00:00:00', ''),
(23, 50, 'a@as.d', 'sssss', '', '0000-00-00 00:00:00', ''),
(24, 51, 'a@asa.sds', 'ssss', '', '0000-00-00 00:00:00', ''),
(25, 52, 'as@a.asd', 'aaaaaa', '', '0000-00-00 00:00:00', ''),
(26, 53, 'as@asda.aa', 'aaaa', '', '0000-00-00 00:00:00', ''),
(27, 54, 's@s.s', 'dddd', '', '0000-00-00 00:00:00', ''),
(28, 55, 'sdf@s.s', 'ssss', '', '0000-00-00 00:00:00', ''),
(29, 66, 'a@gssfs.ssd', 'aaaa', '', '0000-00-00 00:00:00', ''),
(30, 67, 'mail@gmail.com', 'chaa', '', '0000-00-00 00:00:00', ''),
(31, 68, 'm@m.com', 'chacha', '', '0000-00-00 00:00:00', ''),
(32, 69, 'nexus@s.com', 'nexus', '', '0000-00-00 00:00:00', ''),
(33, 70, 'as@asdad.sd', 'aaaa', '', '0000-00-00 00:00:00', ''),
(34, 71, 'asd@sdasd.sad', 'aaaa', '', '0000-00-00 00:00:00', ''),
(35, 72, 'asd@asd.ad', 'aaaa', '', '0000-00-00 00:00:00', ''),
(36, 73, 'sf@sdf.sddf', 'aaaa', '', '0000-00-00 00:00:00', ''),
(37, 74, 'sf@sdf.sdf', 'aaaa', '', '0000-00-00 00:00:00', ''),
(38, 76, 'sd@asd.ad', 'aaaa', '', '0000-00-00 00:00:00', ''),
(39, 77, 'asd@asd.saf', 'aaaa', '', '0000-00-00 00:00:00', ''),
(40, 78, 'as@as.s', 'aaaa', '', '0000-00-00 00:00:00', ''),
(41, 79, 'asd@as.s', 'aaaa', '', '0000-00-00 00:00:00', ''),
(42, 80, 'as@asd.s', 'aaaa', '', '0000-00-00 00:00:00', ''),
(43, 0, '', '', '', '0000-00-00 00:00:00', ''),
(44, 0, '', '', '', '0000-00-00 00:00:00', ''),
(45, 0, '', '', '', '0000-00-00 00:00:00', ''),
(46, 0, '', '', '', '0000-00-00 00:00:00', ''),
(47, 124, 'zz@zz.zzz', '1212', '', '0000-00-00 00:00:00', ''),
(49, 125, 'sd@sd.sd', 'sdsd', '', '0000-00-00 00:00:00', ''),
(50, 126, 'aa@aa.sd', 'aaaa', '', '0000-00-00 00:00:00', ''),
(51, 127, 'demo@gmail.com', '1234', '', '0000-00-00 00:00:00', ''),
(52, 0, '', '', '', '0000-00-00 00:00:00', ''),
(53, 129, '', '', '', '0000-00-00 00:00:00', ''),
(54, 130, '', '', '', '0000-00-00 00:00:00', ''),
(55, 0, '', '', '', '0000-00-00 00:00:00', ''),
(56, 132, '', '', '', '0000-00-00 00:00:00', ''),
(57, 4, '', '', '', '0000-00-00 00:00:00', ''),
(58, 5, '', '', '', '0000-00-00 00:00:00', ''),
(59, 0, 'sdfs@sdfsd.sdf', '1234', '', '0000-00-00 00:00:00', ''),
(60, 0, 'sdf@sdfs.sdf', '1233', '', '0000-00-00 00:00:00', ''),
(61, 0, 'sdf@sdf.sdf', '1111', '', '0000-00-00 00:00:00', ''),
(62, 0, 'sdf@sdf.sdf', '1111', '', '0000-00-00 00:00:00', ''),
(63, 0, 'sdf@sdf.sdf', '1111', '', '0000-00-00 00:00:00', ''),
(64, 0, 'sdf@sdf.sdf', '1111', '', '0000-00-00 00:00:00', ''),
(65, 6, '', '', '', '0000-00-00 00:00:00', ''),
(66, 0, '', '', '', '0000-00-00 00:00:00', ''),
(67, 7, '', '', '', '0000-00-00 00:00:00', ''),
(68, 0, '', '', '', '0000-00-00 00:00:00', ''),
(69, 8, '', '', '', '0000-00-00 00:00:00', '');

-- --------------------------------------------------------

--
-- Table structure for table `payment_acct`
--

CREATE TABLE IF NOT EXISTS `payment_acct` (
  `pa_id` int(11) NOT NULL AUTO_INCREMENT,
  `person_id` int(11) NOT NULL,
  `cc_id` int(11) NOT NULL,
  `p_id` int(11) NOT NULL,
  PRIMARY KEY (`pa_id`)
) ENGINE=MyISAM DEFAULT CHARSET=latin1 AUTO_INCREMENT=1 ;

-- --------------------------------------------------------

--
-- Table structure for table `payment_methods`
--

CREATE TABLE IF NOT EXISTS `payment_methods` (
  `payment_method_id` int(11) NOT NULL AUTO_INCREMENT,
  `paypal_email` varchar(50) NOT NULL,
  `payment_details` varchar(250) NOT NULL,
  PRIMARY KEY (`payment_method_id`)
) ENGINE=MyISAM  DEFAULT CHARSET=latin1 AUTO_INCREMENT=9 ;

--
-- Dumping data for table `payment_methods`
--

INSERT INTO `payment_methods` (`payment_method_id`, `paypal_email`, `payment_details`) VALUES
(1, '', ''),
(2, '', ''),
(3, '', ''),
(4, '', ''),
(5, '', ''),
(6, '', ''),
(7, '', ''),
(8, '', '');

-- --------------------------------------------------------

--
-- Table structure for table `paypal`
--

CREATE TABLE IF NOT EXISTS `paypal` (
  `p_id` int(11) NOT NULL AUTO_INCREMENT,
  `paypal_email` varchar(50) NOT NULL,
  PRIMARY KEY (`p_id`)
) ENGINE=MyISAM DEFAULT CHARSET=latin1 AUTO_INCREMENT=1 ;

-- --------------------------------------------------------

--
-- Table structure for table `person`
--

CREATE TABLE IF NOT EXISTS `person` (
  `person_id` int(11) NOT NULL AUTO_INCREMENT,
  `address` varchar(250) NOT NULL,
  `category_ids` varchar(50) NOT NULL,
  `sprting_ids` varchar(100) NOT NULL,
  `gym_activities_ids` varchar(100) NOT NULL,
  `arts_culture_ids` varchar(100) NOT NULL,
  `relaxation_ids` varchar(100) NOT NULL,
  `children_ids` varchar(100) NOT NULL,
  `concerns_ids` varchar(100) NOT NULL,
  `languages_ids` varchar(100) NOT NULL,
  `first_name` varchar(150) NOT NULL,
  `last_name` varchar(150) NOT NULL,
  `username` varchar(60) NOT NULL,
  `password` varchar(50) NOT NULL,
  `message` varchar(350) NOT NULL,
  `date_of_birth` date NOT NULL,
  `email` varchar(100) NOT NULL,
  `mobile_no` varchar(50) NOT NULL,
  `allow_location` int(11) NOT NULL,
  `country_id` int(11) NOT NULL,
  `latitude` varchar(25) NOT NULL,
  `longitude` varchar(25) NOT NULL,
  `gender` varchar(10) NOT NULL,
  `profile_photo` varchar(50) NOT NULL,
  `album_ids` varchar(350) NOT NULL,
  `gcm_id` varchar(150) NOT NULL,
  `type` varchar(50) NOT NULL,
  `location` varchar(100) NOT NULL,
  PRIMARY KEY (`person_id`)
) ENGINE=MyISAM  DEFAULT CHARSET=latin1 AUTO_INCREMENT=212 ;

--
-- Dumping data for table `person`
--

INSERT INTO `person` (`person_id`, `address`, `category_ids`, `sprting_ids`, `gym_activities_ids`, `arts_culture_ids`, `relaxation_ids`, `children_ids`, `concerns_ids`, `languages_ids`, `first_name`, `last_name`, `username`, `password`, `message`, `date_of_birth`, `email`, `mobile_no`, `allow_location`, `country_id`, `latitude`, `longitude`, `gender`, `profile_photo`, `album_ids`, `gcm_id`, `type`, `location`) VALUES
(188, '', '[7,8]', '[4]', '[]', '[]', '[]', '[]', '[3]', '[19]', 'ja', 'ma', 'mjamy', 'marek', '', '1983-04-14', 'marek@yahoo.com', '', 0, 0, '0.0', '0.0', 'Female', 'default', '', 'APA91bFk7IRclcVmFsHsz3iA03wjf01yFU7wt02W1fAB2ytrUr3U5Esp8NWdKlbi6kWh-5cbzMnRwD8rym5hTYfngYRBrYe_FbjVs4g5eqIIvo7G1224zVwkYSRNo__ACwhkC_iJywr2', 'Android', ''),
(187, '', '[7,2,8]', '[3,1,2]', '[8,6]', '[10,13]', '[]', '[]', '[4]', '[3,10,19]', 'Marek ', 'Jam ', 'mjamy', 'marek', '', '2003-05-15', 'marek@yahoo.com', '', 1, 0, '-32.0013361', '115.8628861', 'Female', 'default', '', 'APA91bFk7IRclcVmFsHsz3iA03wjf01yFU7wt02W1fAB2ytrUr3U5Esp8NWdKlbi6kWh-5cbzMnRwD8rym5hTYfngYRBrYe_FbjVs4g5eqIIvo7G1224zVwkYSRNo__ACwhkC_iJywr2', 'Android', ''),
(186, '', '[6,4,2,1]', '[4]', '[]', '[]', '[]', '[]', '[3,1]', '[3]', 'Jingfei', 'Lee', 'jingfei.lee', '54321', '', '2016-04-01', 'bernardettejlee@aol.com', '', 1, 0, '-32.0012918', '115.8629388', 'Female', 'default', '', 'APA91bGyAJfJfoRmg9zn9MAw1rgXvmbXj3Epp9ud-GOTMuYXJYHvt7yea_YsPAQK9Vg-c_eG9-2gqW8RLTPd5y2-N5j0z63fRNXVJ4XwgOZ6djrYEyx--rVjN0ri2_EDLyVsdtp7wWOV', 'Android', ''),
(185, '', '', '', '', '', '', '', '', '', '', '', '', '', '', '0000-00-00', '', '', 0, 0, '', '', '', '', '', '', '', ''),
(184, '', '[4]', '[1]', '[]', '[]', '[]', '[]', '[4]', '[3]', 'k', 'w', 'kw2', '1234', '', '1979-07-15', 'kasun@bizfab.com', '', 0, 0, '0.0', '0.0', 'Male', 'default', '', 'APA91bEV9KsNztutHp3ZJ-HMEsSnZw_lbtW_sVYJMdVFAp88cLxuuTFIDXaccht1Z1RCTINUqMh1NHJ0GAZgPk7ziU2MzZhBBTibcyn6nNl0QKpRshi5JBO3OJUBg-pbPzNe200GTAuP', 'Android', ''),
(183, '', '[3,6,4,7,9,2,8,5,1]', '[3,4,1,2,5]', '[7,9,8,6]', '[12,10,11,13,14]', '[19,21,20,15,17,18,16]', '[24,25,22,23]', '[3,1,4,2]', '[4,6,3,16,5,19,11,8,2]', 'e', 'e', 'e', 'eeee', '', '2016-07-15', 'e@e.e', '', 0, 0, '', '', 'Female', 'default', '', '', '', ''),
(182, '', '[9]', '[1]', '[]', '[]', '[]', '[]', '[4]', '[3]', 'k', 'w', 'kasunr', '1234', '', '1990-07-15', 'kasunr@gmail.com', '', 1, 0, '-32.027756', '115.845917', 'Male', 'default', '', 'APA91bEaIuvwrlHalnTeD0PjKQ02HvhUpOAu-21993VjqMgHUc6zBKCcRV-vX18EcKZBGK5z4HFNdyJYDR-JHeO_XkDAY6_nZQT7iG4P3DuQZLkXUu1mD1vgPXa5VHFV7_2TdPaw3FLU', 'Android', ''),
(181, '', '[7]', '[1]', '[]', '[]', '[]', '[]', '[4]', '[3]', 'k', 'w', 'kwiz117', '1234', '', '1989-07-14', 'kwiz117@hotmail.com', '', 0, 0, '0.0', '0.0', 'Male', 'default', '', 'APA91bFJh-rYMpVbyWZ_nJva0XvM75ybOZVneGfbYnmhMN8sYpI1fUQfIWRraVLjlbU9VBHNXLocNTWnfniU4vt_LUWPt3ZY3fBmkLuVOJYWO0p2QF5VTsLPY3WDuAeLbJVjtZDeJmvW', 'Android', ''),
(180, '', '[9]', '[1]', '[]', '[]', '[]', '[]', '[2]', '[5]', 'aaaaaaaa', 'yyy', 'eeeeee', 'wwww', 'gddfgg', '2016-07-15', 'rrr@gmail.com', '', 1, 0, '6.8910447', '79.859579', 'Female', 'default', '', 'APA91bF5VPXXCiz5z9ldmhzBwL0Hwu3g5VjYP1AcHb8RZWXeshn9zP5_lz49T4MLYndW_nQKsj1ZJDdn8CxrEQhIFs34kK08OzhJdswfi6tFXUZOeEnlgdJg_DljwsnNPo2xhIzf2LoX', 'Android', ''),
(179, '', '[2]', '[2]', '[]', '[]', '[]', '[]', '[4]', '[19]', 'gdvx', 'cxgxs', 'aaaaff', 'qqqq', 'sghsa', '2016-07-15', 'dgh@gmail.com', '', 1, 0, '6.8910126', '79.8595846', 'Male', 'default', '', 'APA91bF5VPXXCiz5z9ldmhzBwL0Hwu3g5VjYP1AcHb8RZWXeshn9zP5_lz49T4MLYndW_nQKsj1ZJDdn8CxrEQhIFs34kK08OzhJdswfi6tFXUZOeEnlgdJg_DljwsnNPo2xhIzf2LoX', 'Android', ''),
(165, '', '[3]', '[4]', '[9]', '[]', '[17,16]', '[25,22]', '[3,1]', '[1,16]', 'first name', 'last name', 'kasun', 'kasun123', 'no message', '2016-04-27', 'email@gmail.com', '', 0, 0, '', '', 'Male', 'IMG_20160526095046_123.jpg', '120', '', '', ''),
(178, '', '[7]', '[5]', '[]', '[]', '[]', '[]', '[2]', '[10]', 'wef', 'cgh', 'sdd', 'wwwww', 'dgg', '2016-07-15', 'aaa@gmail.com', '', 1, 0, '6.8910366', '79.859534', 'Male', 'default', '', 'APA91bF5VPXXCiz5z9ldmhzBwL0Hwu3g5VjYP1AcHb8RZWXeshn9zP5_lz49T4MLYndW_nQKsj1ZJDdn8CxrEQhIFs34kK08OzhJdswfi6tFXUZOeEnlgdJg_DljwsnNPo2xhIzf2LoX', 'Android', ''),
(177, '', '[4]', '[1,2]', '[]', '[]', '[]', '[]', '[2]', '[2]', 'aaaaaa', 'aaaaaa', 'aaaaa', 'qqqq', 'fssdd', '2016-07-15', 'aaaaa@g.com', '', 1, 0, '6.8910469', '79.8595602', 'Male', 'default', '', '', '', ''),
(168, '', '[9,8,1]', '[1,2]', '[]', '[]', '[]', '[]', '[3,4]', '[3]', 'danushka', 'perera', 'danu45me', '1234', 'love to explore the world', '1988-10-02', 'danu45me@gmail.com', '', 0, 0, '', '', 'Male', 'IMG_20160624110857_326.jpg', '10,11,20', '', '', ''),
(175, '', '[1]', '[2]', '[]', '[]', '[]', '[]', '[2]', '[19]', 'c', 'c', 'c', 'ccc', 'gh', '2016-07-07', 'c@c.c', '', 0, 0, '', '', 'Male', 'IMG_20160707165801_181.jpg', '21,22,23,24,27,28,29,30,31,32,33,34,35,36,37,38,39,40,41,42,43,44,45,46,47,48,49,50,59,116,117,118,119', '', '', ''),
(171, '', '[8,1]', '[1]', '[]', '[]', '[]', '[]', '[3]', '[6]', 'naren', 'reddy', 'naren', 'Narendra557', 'hi hotch', '1991-10-06', 'testhotch01@gmail.com', '', 0, 0, '', '', 'Male', 'IMG_20160704113147_619.jpg', '', '', '', ''),
(172, '', '[3]', '[2]', '[6]', '[13]', '[]', '[22]', '[2]', '[19]', 't', 't', 't', 'tttt', '', '2016-07-04', 't@t.com', '', 0, 0, '', '', 'Female', 'default', '', '', '', ''),
(173, '', '[3]', '[5]', '[6]', '[11]', '[18,16]', '[22]', '[2]', '[3,10,8]', 'a', 'a', 'rajasundar', 'client123', 'jddj', '2016-07-07', 'client@gmail.com', '', 0, 0, '', '', 'Male', 'IMG_20160707162241_55.jpg', '54,55,56,57,58,64,75,76,77,78,79,80,81,82,83,84,85,86,87,88,89,90,91,92,93,96,97,98,99,100,101,102,103,104,105,106,107,108,109,110,111,112,113,114,115', '', '', 'newyork'),
(174, '', '[6,4]', '[4,1]', '[9]', '[]', '[]', '[]', '[4]', '[10,3]', 'test', 'test', 'aaaaa', '1234', 'tagaha', '2016-06-09', 'aaaa@gmail.com', '', 0, 0, '', '', 'Male', 'default', '60,61', '', '', ''),
(176, '', '[3]', '[3]', '[7]', '[12]', '[19]', '[24]', '[3]', '[4]', 'x', 'x', 'x', 'xxxx', 'hi', '2016-07-12', 'x@x.x', '', 0, 0, '', '', 'Male', 'default', '51,52,53', '', '', ''),
(200, '', '', '', '', '', '', '', '', '', '', '', '', '', '', '0000-00-00', '', '', 0, 0, '', '', '', '', '', '', '', ''),
(199, '', '[2]', '[1]', '[6]', '[13]', '[]', '[]', '[1]', '[3]', 'isuru', 'kumara', 'isuru', '123123', '', '2016-08-02', 'isuru.k@bizfab.com', '', 1, 0, '6.891101', '79.8595601', 'Male', 'default', '', 'APA91bG1865m_qMKR-QHEWQMofWvIePQVLkB75R3BMgpl6AmFxm2508UCnWtWKVju5KNUMtfLwtflEo76PVGTU-JBYXMs76BooXYpsQx5jaGygNFssUoVlg2sFB071kKbUjUFxIgFGAj', 'Android', ''),
(198, '', '1', '1', '2', '3', '5', '6', '1', '14', 'Kannan', 'sree', 'kannan007', 'utut', 'hello everyone', '0000-00-00', 'akhil@gmail.com', '', 0, 0, '', '', 'male', '', '', '', '', ''),
(201, '', '[3]', '[3]', '[]', '[]', '[]', '[]', '[3]', '[16]', 'First', 'Last', 'User', 'Pass', 'No message', '2016-08-04', 'Email@email.com', '', 1, 0, '12.8912392', '77.6412533', 'Male', 'default', '', 'APA91bHbsGtWU7njn2R06AatGcJs0E6kzOy1GRonJqgB9mBYlaVJ5SdubVv4LIiGeLQ69rJ4cQ1HSzGHaDO41XHHx11-sneegNZ1pqQPfY8fc-VfHLByllOkcVaT-JU7PJ0kM1uMz9KQ', 'Android', ''),
(202, '', '[4]', '[]', '[]', '[]', '[15]', '[]', '[]', '[5]', '123', '123', 'User', 'Password', 'No message', '0000-00-00', 'Email@e.e', '', 1, 0, '12.8912209', '77.6412752', 'Male', 'default', '', 'APA91bHbsGtWU7njn2R06AatGcJs0E6kzOy1GRonJqgB9mBYlaVJ5SdubVv4LIiGeLQ69rJ4cQ1HSzGHaDO41XHHx11-sneegNZ1pqQPfY8fc-VfHLByllOkcVaT-JU7PJ0kM1uMz9KQ', 'Android', ''),
(203, '', '[6]', '[]', '[]', '[]', '[]', '[]', '[]', '[10]', 'Test', 'Test', 'Test', 'Test', 'No message', '2016-08-04', 'Test@gmail.com', '', 1, 0, '12.8912508', '77.6412992', 'Male', 'default', '', 'APA91bHbsGtWU7njn2R06AatGcJs0E6kzOy1GRonJqgB9mBYlaVJ5SdubVv4LIiGeLQ69rJ4cQ1HSzGHaDO41XHHx11-sneegNZ1pqQPfY8fc-VfHLByllOkcVaT-JU7PJ0kM1uMz9KQ', 'Android', ''),
(204, '', '[6]', '[]', '[]', '[]', '[]', '[]', '[]', '[3]', 'Narendra', 'Reddy', 'Naren', 'Naren', 'No message', '0000-00-00', 'narendra.k@bizfab.com', '', 0, 0, '12.8912013', '77.641281', 'Male', 'default', '', 'APA91bHbsGtWU7njn2R06AatGcJs0E6kzOy1GRonJqgB9mBYlaVJ5SdubVv4LIiGeLQ69rJ4cQ1HSzGHaDO41XHHx11-sneegNZ1pqQPfY8fc-VfHLByllOkcVaT-JU7PJ0kM1uMz9KQ', 'Android', ''),
(205, '', '[3]', '[]', '[]', '[]', '[]', '[]', '[]', '[1]', 'Naren', 'Naren', 'Nare', 'Nare', 'No message', '0000-00-00', 'Narendra.k@bizfab.com', '', 1, 0, '12.8912397', '77.6412736', 'Male', 'default', '', 'APA91bHbsGtWU7njn2R06AatGcJs0E6kzOy1GRonJqgB9mBYlaVJ5SdubVv4LIiGeLQ69rJ4cQ1HSzGHaDO41XHHx11-sneegNZ1pqQPfY8fc-VfHLByllOkcVaT-JU7PJ0kM1uMz9KQ', 'Android', ''),
(206, '', '[3]', '[]', '[]', '[]', '[]', '[]', '[]', '[1]', 'Naren', 'Naren', 'Narendra', 'Narendra', 'No message', '2016-08-04', 'narendra.k@bizfab.com', '', 1, 0, '12.8912196', '77.6412322', 'Male', 'default', '', 'APA91bHbsGtWU7njn2R06AatGcJs0E6kzOy1GRonJqgB9mBYlaVJ5SdubVv4LIiGeLQ69rJ4cQ1HSzGHaDO41XHHx11-sneegNZ1pqQPfY8fc-VfHLByllOkcVaT-JU7PJ0kM1uMz9KQ', 'Android', ''),
(207, '', '[4]', '[]', '[]', '[]', '[]', '[]', '[]', '[10]', 'Naren', 'Naren', 'Naren', 'Naren', 'No message', '2016-08-04', 'Narendra.k@bizfab.com', '', 1, 0, '12.8912291', '77.6412778', 'Male', 'default', '', 'APA91bHbsGtWU7njn2R06AatGcJs0E6kzOy1GRonJqgB9mBYlaVJ5SdubVv4LIiGeLQ69rJ4cQ1HSzGHaDO41XHHx11-sneegNZ1pqQPfY8fc-VfHLByllOkcVaT-JU7PJ0kM1uMz9KQ', 'Android', ''),
(208, '', '[4]', '[]', '[]', '[]', '[]', '[]', '[]', '[10]', 'Naren', 'Naren', 'Naren', 'Naren', 'No message', '2016-08-04', 'Narendra.k@bizfab.com', '', 1, 0, '12.8912291', '77.6412778', 'Male', 'default', '', 'APA91bHbsGtWU7njn2R06AatGcJs0E6kzOy1GRonJqgB9mBYlaVJ5SdubVv4LIiGeLQ69rJ4cQ1HSzGHaDO41XHHx11-sneegNZ1pqQPfY8fc-VfHLByllOkcVaT-JU7PJ0kM1uMz9KQ', 'Android', ''),
(209, '', '[4]', '[]', '[]', '[]', '[]', '[]', '[]', '[10]', 'Naren', 'Naren', 'Naren', 'Naren', 'No message', '2016-08-04', 'Narendra.k@bizfab.com', '', 1, 0, '12.8912291', '77.6412778', 'Male', 'default', '', 'APA91bHbsGtWU7njn2R06AatGcJs0E6kzOy1GRonJqgB9mBYlaVJ5SdubVv4LIiGeLQ69rJ4cQ1HSzGHaDO41XHHx11-sneegNZ1pqQPfY8fc-VfHLByllOkcVaT-JU7PJ0kM1uMz9KQ', 'Android', ''),
(210, '', '[4]', '[]', '[]', '[]', '[]', '[]', '[]', '[3]', 'Naren', 'Nr', '1234', '1234', 'No message', '0000-00-00', 'Narendra.k@bizfab.com', '', 1, 0, '12.891236', '77.6412933', 'Male', 'default', '', 'APA91bHbsGtWU7njn2R06AatGcJs0E6kzOy1GRonJqgB9mBYlaVJ5SdubVv4LIiGeLQ69rJ4cQ1HSzGHaDO41XHHx11-sneegNZ1pqQPfY8fc-VfHLByllOkcVaT-JU7PJ0kM1uMz9KQ', 'Android', ''),
(211, '', '[4]', '[]', '[]', '[]', '[]', '[]', '[2]', '[3]', 'Naren', 'Reddy', 'Naren', '1234', 'No message', '0000-00-00', 'Narendra.k@bizfab.com', '', 1, 0, '12.8912264', '77.6412919', 'Male', 'default', '', 'APA91bHbsGtWU7njn2R06AatGcJs0E6kzOy1GRonJqgB9mBYlaVJ5SdubVv4LIiGeLQ69rJ4cQ1HSzGHaDO41XHHx11-sneegNZ1pqQPfY8fc-VfHLByllOkcVaT-JU7PJ0kM1uMz9KQ', 'Android', '');

-- --------------------------------------------------------

--
-- Table structure for table `person_type`
--

CREATE TABLE IF NOT EXISTS `person_type` (
  `person_type_id` int(11) NOT NULL AUTO_INCREMENT,
  `person_type` varchar(50) NOT NULL,
  PRIMARY KEY (`person_type_id`)
) ENGINE=MyISAM  DEFAULT CHARSET=latin1 AUTO_INCREMENT=3 ;

--
-- Dumping data for table `person_type`
--

INSERT INTO `person_type` (`person_type_id`, `person_type`) VALUES
(1, 'Participant'),
(2, 'Company');

-- --------------------------------------------------------

--
-- Table structure for table `photos`
--

CREATE TABLE IF NOT EXISTS `photos` (
  `p_id` int(11) NOT NULL AUTO_INCREMENT,
  `album_id` int(11) NOT NULL,
  `name` varchar(150) NOT NULL,
  PRIMARY KEY (`p_id`)
) ENGINE=MyISAM  DEFAULT CHARSET=latin1 AUTO_INCREMENT=278 ;

--
-- Dumping data for table `photos`
--

INSERT INTO `photos` (`p_id`, `album_id`, `name`) VALUES
(1, 10, 'tesssaass'),
(2, 11, 'taaaaaaaaaaaaa'),
(3, 27, '/mnt/sdcard/WhatsApp/Media/WhatsApp Images/IMG-201'),
(4, 28, '/mnt/sdcard/WhatsApp/Media/WhatsApp Images/IMG-201'),
(5, 28, '/mnt/sdcard2/DCIM/Camera/IMG_20160111_111918.jpg'),
(6, 29, '/mnt/sdcard/WhatsApp/Media/WhatsApp Images/IMG-201'),
(7, 29, '/mnt/sdcard/WhatsApp/Media/WhatsApp Images/IMG-201'),
(8, 29, '/mnt/sdcard/WhatsApp/Media/WhatsApp Images/IMG-201'),
(9, 29, '/mnt/sdcard/WhatsApp/Media/WhatsApp Images/IMG-201'),
(10, 29, '/mnt/sdcard/WhatsApp/Media/WhatsApp Images/IMG-201'),
(11, 29, '/mnt/sdcard/WhatsApp/Media/WhatsApp Images/IMG-201'),
(12, 30, '/mnt/sdcard2/DCIM/Camera/IMG_20140927_093519.jpg'),
(13, 30, '/mnt/sdcard2/DCIM/Camera/IMG_20140927_093508.jpg'),
(14, 30, '/mnt/sdcard2/DCIM/Camera/IMG_20140927_093456.jpg'),
(15, 30, '/mnt/sdcard2/DCIM/Camera/IMG_20140927_093118.jpg'),
(16, 31, '/mnt/sdcard2/DCIM/Camera/IMG_20140927_093519.jpg'),
(17, 31, '/mnt/sdcard2/DCIM/Camera/IMG_20140927_093508.jpg'),
(18, 31, '/mnt/sdcard2/DCIM/Camera/IMG_20140927_093456.jpg'),
(19, 31, '/mnt/sdcard2/DCIM/Camera/IMG_20140927_093118.jpg'),
(20, 32, '/mnt/sdcard/WhatsApp/Media/WhatsApp Images/IMG-201'),
(21, 32, '/mnt/sdcard2/DCIM/Camera/IMG_20140927_105439.jpg'),
(22, 33, '/mnt/sdcard/WhatsApp/Media/WhatsApp Images/IMG-201'),
(23, 33, '/mnt/sdcard2/DCIM/Camera/IMG_20140927_105439.jpg'),
(24, 34, '/mnt/sdcard/WhatsApp/Media/WhatsApp Images/IMG-201'),
(25, 35, '/mnt/sdcard/sketcher/image_11.png'),
(26, 35, '/mnt/sdcard2/Camera/IMG_20141002_182058.jpg'),
(27, 35, '/mnt/sdcard2/Camera/IMG_20141002_182022.jpg'),
(28, 35, '/mnt/sdcard2/Camera/IMG_20141002_182003.jpg'),
(29, 35, '/mnt/sdcard2/Camera/IMG_20141002_181944.jpg'),
(30, 35, '/mnt/sdcard2/Camera/IMG_20141002_181927.jpg'),
(31, 35, '/mnt/sdcard2/DCIM/Camera/IMG_20140927_091415.jpg'),
(32, 35, '/mnt/sdcard2/DCIM/Camera/IMG_20140918_115711.jpg'),
(33, 35, '/mnt/sdcard2/DCIM/Camera/IMG_20140918_115703.jpg'),
(34, 35, '/mnt/sdcard2/DCIM/Camera/IMG_20140918_115649.jpg'),
(35, 35, '/mnt/sdcard2/DCIM/Camera/IMG_20140918_115617.jpg'),
(36, 35, '/mnt/sdcard2/DCIM/Camera/IMG_20140918_115613.jpg'),
(37, 36, '/storage/sdcard0/WhatsApp/Media/WhatsApp Images/IM'),
(38, 36, '/storage/sdcard0/WhatsApp/Media/WhatsApp Images/IM'),
(39, 36, '/storage/sdcard0/WhatsApp/Media/WhatsApp Images/IM'),
(40, 36, '/storage/sdcard0/WhatsApp/Media/WhatsApp Images/IM'),
(41, 36, '/storage/sdcard0/WhatsApp/Media/WhatsApp Images/IM'),
(42, 36, '/storage/sdcard1/DCIM/Camera/Aqua Ace_20160706_170'),
(43, 37, '/storage/sdcard0/WhatsApp/Media/WhatsApp Images/IM'),
(44, 37, '/storage/sdcard0/WhatsApp/Media/WhatsApp Images/IM'),
(45, 37, '/storage/sdcard0/WhatsApp/Media/WhatsApp Images/IM'),
(46, 37, '/storage/sdcard0/WhatsApp/Media/WhatsApp Images/IM'),
(47, 37, '/storage/sdcard0/WhatsApp/Media/WhatsApp Images/IM'),
(48, 37, '/storage/sdcard0/WhatsApp/Media/WhatsApp Images/IM'),
(49, 37, '/storage/sdcard0/WhatsApp/Media/WhatsApp Images/IM'),
(50, 37, '/storage/sdcard0/WhatsApp/Media/WhatsApp Images/IM'),
(51, 37, '/storage/sdcard1/DCIM/Camera/Aqua Ace_20160706_170'),
(52, 37, '/storage/sdcard1/DCIM/Camera/Aqua Ace_20160706_170'),
(53, 37, '/storage/sdcard1/DCIM/Camera/Aqua Ace_20160706_170'),
(54, 37, '/storage/sdcard1/DCIM/Camera/Aqua Ace_20160706_170'),
(55, 38, '/storage/sdcard0/WhatsApp/Media/WhatsApp Images/IM'),
(56, 38, '/storage/sdcard0/WhatsApp/Media/WhatsApp Images/IM'),
(57, 38, '/storage/sdcard0/WhatsApp/Media/WhatsApp Images/IM'),
(58, 38, '/storage/sdcard0/WhatsApp/Media/WhatsApp Images/IM'),
(59, 38, '/storage/sdcard0/WhatsApp/Media/WhatsApp Images/IM'),
(60, 38, '/storage/sdcard0/WhatsApp/Media/WhatsApp Images/IM'),
(61, 40, '/mnt/sdcard/WhatsApp/Media/WhatsApp Images/IMG-201'),
(62, 40, '/mnt/sdcard/DCIM/Camera/IMG_20150507_082023.jpg'),
(63, 41, '/mnt/sdcard/WhatsApp/Media/WhatsApp Images/IMG-201'),
(64, 41, '/mnt/sdcard/sketcher/image_7.png'),
(65, 42, '/mnt/sdcard/WhatsApp/Media/WhatsApp Images/IMG-201'),
(66, 42, '/mnt/sdcard/sketcher/image_7.png'),
(67, 43, '/mnt/sdcard/WhatsApp/Media/WhatsApp Images/IMG-201'),
(68, 44, '/mnt/sdcard/WhatsApp/Media/WhatsApp Images/IMG-201'),
(69, 45, '/mnt/sdcard/WhatsApp/Media/WhatsApp Images/IMG-201'),
(70, 45, '/mnt/sdcard/WhatsApp/Media/WhatsApp Images/IMG-201'),
(71, 45, '/mnt/sdcard2/Camera/IMG_20141002_182207.jpg'),
(72, 46, '/mnt/sdcard/sketcher/image_8.png'),
(73, 46, '/mnt/sdcard/sketcher/image_7.png'),
(74, 47, '/mnt/sdcard/sketcher/image_8.png'),
(75, 47, '/mnt/sdcard/sketcher/image_7.png'),
(76, 47, '/mnt/sdcard2/DCIM/Camera/IMG_20140927_105439.jpg'),
(77, 47, '/mnt/sdcard2/DCIM/Camera/IMG_20140927_105413.jpg'),
(78, 47, '/mnt/sdcard2/DCIM/Camera/IMG_20140927_105404.jpg'),
(79, 48, '/mnt/sdcard/sketcher/image_8.png'),
(80, 48, '/mnt/sdcard/sketcher/image_7.png'),
(81, 49, '/mnt/sdcard/sketcher/image_8.png'),
(82, 49, '/mnt/sdcard/sketcher/image_7.png'),
(83, 50, '/mnt/sdcard/sketcher/image_8.png'),
(84, 50, '/mnt/sdcard/sketcher/image_7.png'),
(85, 51, '/mnt/sdcard/sketcher/image_8.png'),
(86, 51, '/mnt/sdcard/sketcher/image_7.png'),
(87, 52, '/mnt/sdcard/sketcher/image_8.png'),
(88, 52, '/mnt/sdcard/sketcher/image_7.png'),
(89, 53, '/mnt/sdcard2/whatsapp photo/IMG-20140922-WA0001.gi'),
(90, 53, '/mnt/sdcard2/DCIM/Camera/IMG_20140927_094323.jpg'),
(91, 53, '/mnt/sdcard2/DCIM/Camera/IMG_20140927_094225.jpg'),
(92, 53, '/mnt/sdcard2/DCIM/Camera/IMG_20140927_094206.jpg'),
(93, 54, '/mnt/sdcard/sketcher/image_8.png'),
(94, 54, '/mnt/sdcard/sketcher/image_7.png'),
(95, 55, '/mnt/sdcard/WhatsApp/Media/WhatsApp Images/IMG-201'),
(96, 56, '/mnt/sdcard/WhatsApp/Media/WhatsApp Images/IMG-201'),
(97, 57, '/mnt/sdcard/WhatsApp/Media/WhatsApp Images/IMG-201'),
(98, 58, '/mnt/sdcard/sketcher/image_8.png'),
(99, 59, '/storage/emulated/0/WhatsApp/Media/WhatsApp Images'),
(100, 59, '/storage/emulated/0/WhatsApp/Media/WhatsApp Images'),
(101, 60, '/storage/emulated/0/WhatsApp/Media/WhatsApp Images'),
(102, 60, '/storage/emulated/0/WhatsApp/Media/WhatsApp Images'),
(103, 61, '/storage/extSdCard/DCIM/Camera/20160712_192027.jpg'),
(104, 62, '/storage/emulated/0/WhatsApp/Media/WhatsApp Images'),
(105, 62, '/storage/emulated/0/WhatsApp/Media/WhatsApp Images'),
(106, 63, '/mnt/sdcard/sketcher/image_8.png'),
(107, 63, '/mnt/sdcard/sketcher/image_7.png'),
(108, 64, '/storage/sdcard0/WhatsApp/Media/WhatsApp Images/IM'),
(109, 64, '/storage/sdcard0/WhatsApp/Media/WhatsApp Images/IM'),
(110, 64, '/storage/sdcard0/WhatsApp/Media/WhatsApp Images/IM'),
(111, 64, '/storage/sdcard0/WhatsApp/Media/WhatsApp Images/IM'),
(112, 64, '/storage/sdcard0/WhatsApp/Media/WhatsApp Images/IM'),
(113, 64, '/storage/sdcard0/WhatsApp/Media/WhatsApp Images/IM'),
(114, 64, '/storage/sdcard0/WhatsApp/Media/WhatsApp Images/IM'),
(115, 0, ''),
(116, 65, '/mnt/sdcard/WhatsApp/Media/WhatsApp Images/IMG-201'),
(117, 65, '/mnt/sdcard/Pictures/Screenshots/Screenshot_2016-0'),
(118, 65, '/mnt/sdcard/sketcher/image_12.png'),
(119, 66, '/mnt/sdcard/WhatsApp/Media/WhatsApp Images/IMG-201'),
(120, 66, '/mnt/sdcard/sketcher/image_8.png'),
(121, 67, '/mnt/sdcard/WhatsApp/Media/WhatsApp Images/IMG-201'),
(122, 67, '/mnt/sdcard/sketcher/image_8.png'),
(123, 68, '/mnt/sdcard/WhatsApp/Media/WhatsApp Images/IMG-201'),
(124, 68, '/mnt/sdcard/sketcher/image_8.png'),
(125, 69, '/mnt/sdcard/WhatsApp/Media/WhatsApp Images/IMG-201'),
(126, 69, '/mnt/sdcard/sketcher/image_8.png'),
(127, 70, '/mnt/sdcard/WhatsApp/Media/WhatsApp Images/IMG-201'),
(128, 70, '/mnt/sdcard/sketcher/image_8.png'),
(129, 71, '/mnt/sdcard/WhatsApp/Media/WhatsApp Images/IMG-201'),
(130, 71, '/mnt/sdcard/sketcher/image_8.png'),
(131, 72, '/mnt/sdcard/sketcher/image_8.png'),
(132, 72, '/mnt/sdcard/sketcher/image_7.png'),
(133, 73, '/mnt/sdcard/sketcher/image_8.png'),
(134, 73, '/mnt/sdcard/sketcher/image_7.png'),
(135, 74, '/mnt/sdcard/sketcher/image_8.png'),
(136, 74, '/mnt/sdcard/sketcher/image_7.png'),
(137, 75, '/mnt/sdcard/WhatsApp/Media/WhatsApp Images/IMG-201'),
(138, 75, '/mnt/sdcard/sketcher/image_8.png'),
(139, 76, '/mnt/sdcard/WhatsApp/Media/WhatsApp Images/IMG-201'),
(140, 76, '/mnt/sdcard/sketcher/image_11.png'),
(141, 76, '/mnt/sdcard/sketcher/image_8.png'),
(142, 77, '/mnt/sdcard/WhatsApp/Media/WhatsApp Images/IMG-201'),
(143, 77, '/mnt/sdcard/sketcher/image_11.png'),
(144, 77, '/mnt/sdcard/sketcher/image_8.png'),
(145, 78, '/mnt/sdcard/WhatsApp/Media/WhatsApp Images/IMG-201'),
(146, 78, '/mnt/sdcard/sketcher/image_11.png'),
(147, 78, '/mnt/sdcard/sketcher/image_7.png'),
(148, 79, '/mnt/sdcard/sketcher/image_8.png'),
(149, 79, '/mnt/sdcard/sketcher/image_7.png'),
(150, 80, '/mnt/sdcard/WhatsApp/Media/WhatsApp Images/IMG-201'),
(151, 80, '/mnt/sdcard/Pictures/Screenshots/Screenshot_2016-0'),
(152, 81, '/mnt/sdcard/WhatsApp/Media/WhatsApp Images/IMG-201'),
(153, 81, '/mnt/sdcard/sketcher/image_11.png'),
(154, 82, '/mnt/sdcard/Pictures/Screenshots/Screenshot_2016-0'),
(155, 82, '/mnt/sdcard/Pictures/Screenshots/Screenshot_2016-0'),
(156, 83, '/mnt/sdcard/WhatsApp/Media/WhatsApp Images/IMG-201'),
(157, 83, '/mnt/sdcard/sketcher/image_8.png'),
(158, 84, '/mnt/sdcard/Pictures/Screenshots/Screenshot_2016-0'),
(159, 84, '/mnt/sdcard/Pictures/Screenshots/Screenshot_2016-0'),
(160, 85, '/mnt/sdcard/Pictures/Screenshots/Screenshot_2016-0'),
(161, 85, '/mnt/sdcard/Pictures/Screenshots/Screenshot_2016-0'),
(162, 86, '/mnt/sdcard/Pictures/Screenshots/Screenshot_2016-07-13-10-57-41.png'),
(163, 86, '/mnt/sdcard/sketcher/image_10.png'),
(164, 87, '/mnt/sdcard/WhatsApp/Media/WhatsApp Images/IMG-20150507-WA0003.jpg'),
(165, 87, '/mnt/sdcard/Pictures/Screenshots/Screenshot_2016-07-13-10-57-41.png'),
(166, 87, '/mnt/sdcard/Pictures/Screenshots/Screenshot_2016-07-07-16-24-57.png'),
(167, 87, '/mnt/sdcard/sketcher/image_12.png'),
(168, 87, '/mnt/sdcard/sketcher/image_11.png'),
(169, 87, '/mnt/sdcard/sketcher/image_10.png'),
(170, 88, '/mnt/sdcard/WhatsApp/Media/WhatsApp Images/IMG-20150507-WA0003.jpg'),
(171, 88, '/mnt/sdcard/Pictures/Screenshots/Screenshot_2016-07-13-10-57-41.png'),
(172, 88, '/mnt/sdcard/Pictures/Screenshots/Screenshot_2016-07-07-16-24-57.png'),
(173, 89, '/mnt/sdcard/WhatsApp/Media/WhatsApp Images/IMG-20150507-WA0003.jpg'),
(174, 89, '/mnt/sdcard/Pictures/Screenshots/Screenshot_2016-07-13-10-57-41.png'),
(175, 89, '/mnt/sdcard/Pictures/Screenshots/Screenshot_2016-07-07-16-24-57.png'),
(176, 90, '/mnt/sdcard/WhatsApp/Media/WhatsApp Images/IMG-20150507-WA0003.jpg'),
(177, 90, '/mnt/sdcard/Pictures/Screenshots/Screenshot_2016-07-13-10-57-41.png'),
(178, 90, '/mnt/sdcard/Pictures/Screenshots/Screenshot_2016-07-07-16-24-57.png'),
(179, 91, '/mnt/sdcard/WhatsApp/Media/WhatsApp Images/IMG-20150507-WA0003.jpg'),
(180, 91, '/mnt/sdcard/Pictures/Screenshots/Screenshot_2016-07-13-10-57-41.png'),
(181, 91, '/mnt/sdcard/Pictures/Screenshots/Screenshot_2016-07-07-16-24-57.png'),
(182, 92, '/mnt/sdcard/WhatsApp/Media/WhatsApp Images/IMG-20150507-WA0003.jpg'),
(183, 92, '/mnt/sdcard/Pictures/Screenshots/Screenshot_2016-07-13-10-57-41.png'),
(184, 93, '/mnt/sdcard/WhatsApp/Media/WhatsApp Images/IMG-20150507-WA0003.jpg'),
(185, 93, '/mnt/sdcard/Pictures/Screenshots/Screenshot_2016-07-13-10-57-41.png'),
(186, 93, '/mnt/sdcard/Pictures/Screenshots/Screenshot_2016-07-07-16-24-57.png'),
(187, 94, 'IMG_20160720121504_296.jpg'),
(188, 94, 'IMG_20160720121504_170.png'),
(189, 95, 'IMG_20160720121551_516.jpg'),
(190, 95, 'IMG_20160720121551_637.png'),
(191, 96, 'IMG_20160720122240_554.jpg'),
(192, 96, 'IMG_20160720122240_30.png'),
(193, 97, 'IMG_20160720122309_425.jpg'),
(194, 97, 'IMG_20160720122309_342.png'),
(195, 98, 'IMG_20160720123927_713.jpg'),
(196, 98, 'IMG_20160720123927_771.png'),
(197, 99, 'IMG_20160720125351_801.jpg'),
(198, 99, 'IMG_20160720125351_70.png'),
(199, 100, 'IMG_20160720130506_283.gif'),
(200, 100, 'IMG_20160720130506_353.gif'),
(201, 101, 'IMG_20160720131327_291.png'),
(202, 101, 'IMG_20160720131327_996.png'),
(203, 101, 'IMG_20160720131327_504.gif'),
(204, 101, 'IMG_20160720131327_145.gif'),
(205, 102, 'IMG_20160720132400_164.jpg'),
(206, 102, 'IMG_20160720132400_923.png'),
(207, 102, 'IMG_20160720132400_137.png'),
(208, 103, 'IMG_20160720134542_855.jpg'),
(209, 103, 'IMG_20160720134542_843.png'),
(210, 103, 'IMG_20160720134542_255.png'),
(211, 103, 'IMG_20160720134542_396.gif'),
(212, 104, 'IMG_20160720154925_781.jpg'),
(213, 104, 'IMG_20160720154925_268.jpg'),
(214, 104, 'IMG_20160720154925_485.jpg'),
(215, 105, 'IMG_20160720161207_81.png'),
(216, 106, 'IMG_20160720161522_170.png'),
(217, 107, 'IMG_20160720165833_770.jpg'),
(218, 107, 'IMG_20160720165833_649.jpg'),
(219, 107, 'IMG_20160720165833_186.jpg'),
(220, 108, 'IMG_20160721163745_657.png'),
(221, 108, 'IMG_20160721163745_231.png'),
(222, 109, 'IMG_20160721163818_842.png'),
(223, 110, 'IMG_20160721165211_815.jpg'),
(224, 110, 'IMG_20160721165211_967.gif'),
(225, 111, 'IMG_20160721171412_566.jpg'),
(226, 111, 'IMG_20160721171412_28.jpg'),
(227, 112, 'IMG_20160721171904_956.jpg'),
(228, 113, 'IMG_20160721172114_976.jpg'),
(229, 113, 'IMG_20160721172114_484.png'),
(230, 113, 'IMG_20160721172114_812.png'),
(231, 114, 'IMG_20160721173835_595.jpg'),
(232, 114, 'IMG_20160721173835_378.jpg'),
(233, 114, 'IMG_20160721173835_445.jpg'),
(234, 114, 'IMG_20160721173835_96.jpg'),
(235, 114, 'IMG_20160721173835_545.jpg'),
(236, 114, 'IMG_20160721173835_218.jpg'),
(237, 114, 'IMG_20160721173835_467.jpg'),
(238, 114, 'IMG_20160721173835_868.jpg'),
(239, 114, 'IMG_20160721173835_526.jpg'),
(240, 114, 'IMG_20160721173835_310.jpg'),
(241, 114, 'IMG_20160721173835_643.jpg'),
(242, 114, 'IMG_20160721173835_352.jpg'),
(243, 114, 'IMG_20160721173835_534.jpg'),
(244, 114, 'IMG_20160721173835_899.jpg'),
(245, 114, 'IMG_20160721173835_163.jpg'),
(246, 114, 'IMG_20160721173835_609.jpg'),
(247, 114, 'IMG_20160721173835_825.jpg'),
(248, 114, 'IMG_20160721173835_739.jpg'),
(249, 114, 'IMG_20160721173835_143.jpg'),
(250, 114, 'IMG_20160721173835_788.jpg'),
(251, 114, 'IMG_20160721173835_678.jpg'),
(252, 114, 'IMG_20160721173835_142.jpg'),
(253, 114, 'IMG_20160721173835_221.jpg'),
(254, 114, 'IMG_20160721173835_497.jpg'),
(255, 114, 'IMG_20160721173835_604.jpg'),
(256, 114, 'IMG_20160721173835_584.jpg'),
(257, 114, 'IMG_20160721173835_600.jpg'),
(258, 114, 'IMG_20160721173835_56.jpg'),
(259, 114, 'IMG_20160721173835_783.jpg'),
(260, 114, 'IMG_20160721173835_235.jpg'),
(261, 115, 'IMG_20160726132527_433.png'),
(262, 116, 'IMG_20160726133215_215.png'),
(263, 117, 'IMG_20160726133326_672.png'),
(264, 117, 'IMG_20160726133326_255.png'),
(265, 117, 'IMG_20160726133326_427.png'),
(266, 117, 'IMG_20160726133326_170.jpg'),
(267, 117, 'IMG_20160726133326_38.jpg'),
(268, 117, 'IMG_20160726133326_446.jpg'),
(269, 117, 'IMG_20160726133326_514.jpg'),
(270, 118, 'IMG_20160727180810_659.png'),
(271, 118, 'IMG_20160727180810_955.png'),
(272, 119, 'IMG_20160728130013_646.gif'),
(273, 119, 'IMG_20160728130013_712.jpg'),
(274, 120, 'IMG_20160801113923_135.jpg'),
(275, 120, 'IMG_20160801113923_459.jpg'),
(276, 120, 'IMG_20160801113923_801.jpg'),
(277, 120, 'IMG_20160801113923_467.jpg');

-- --------------------------------------------------------

--
-- Table structure for table `posting_options`
--

CREATE TABLE IF NOT EXISTS `posting_options` (
  `po_id` int(11) NOT NULL AUTO_INCREMENT,
  `po_name` varchar(350) NOT NULL,
  `po_price` varchar(25) NOT NULL,
  UNIQUE KEY `po_id` (`po_id`)
) ENGINE=MyISAM  DEFAULT CHARSET=latin1 AUTO_INCREMENT=9 ;

--
-- Dumping data for table `posting_options`
--

INSERT INTO `posting_options` (`po_id`, `po_name`, `po_price`) VALUES
(1, 'Free post', ''),
(2, '$5 to be placed as premium option', '$5'),
(5, '$9 to be placed at Activities Trending Now', '$9'),
(6, '$15 for extra hashtags ', '$15');

-- --------------------------------------------------------

--
-- Table structure for table `profile`
--

CREATE TABLE IF NOT EXISTS `profile` (
  `profile_id` int(11) NOT NULL AUTO_INCREMENT,
  `person_type_id` int(11) NOT NULL,
  `menu_id` int(11) NOT NULL,
  PRIMARY KEY (`profile_id`)
) ENGINE=MyISAM DEFAULT CHARSET=latin1 AUTO_INCREMENT=1 ;

-- --------------------------------------------------------

--
-- Table structure for table `review`
--

CREATE TABLE IF NOT EXISTS `review` (
  `review_id` int(11) NOT NULL AUTO_INCREMENT,
  `activity_id` int(11) NOT NULL,
  `person_id` int(11) NOT NULL,
  `rating` varchar(11) NOT NULL,
  `review_description` varchar(350) NOT NULL,
  `status_id` int(11) NOT NULL,
  PRIMARY KEY (`review_id`)
) ENGINE=MyISAM  DEFAULT CHARSET=latin1 AUTO_INCREMENT=7 ;

--
-- Dumping data for table `review`
--

INSERT INTO `review` (`review_id`, `activity_id`, `person_id`, `rating`, `review_description`, `status_id`) VALUES
(2, 0, 0, '', '', 0),
(3, 0, 0, '', '', 0),
(4, 0, 0, '', '', 0),
(5, 0, 0, '', '', 0),
(6, 0, 0, '', '', 0);

-- --------------------------------------------------------

--
-- Table structure for table `status`
--

CREATE TABLE IF NOT EXISTS `status` (
  `status_id` int(11) NOT NULL AUTO_INCREMENT,
  `status_type` varchar(50) NOT NULL,
  PRIMARY KEY (`status_id`)
) ENGINE=MyISAM  DEFAULT CHARSET=latin1 AUTO_INCREMENT=6 ;

--
-- Dumping data for table `status`
--

INSERT INTO `status` (`status_id`, `status_type`) VALUES
(1, 'pending'),
(2, 'approved'),
(3, 'rejected'),
(4, 'canceled'),
(5, 'expired');

/*!40101 SET CHARACTER_SET_CLIENT=@OLD_CHARACTER_SET_CLIENT */;
/*!40101 SET CHARACTER_SET_RESULTS=@OLD_CHARACTER_SET_RESULTS */;
/*!40101 SET COLLATION_CONNECTION=@OLD_COLLATION_CONNECTION */;
